,Date,Close
0,2010-04-07,8.592857
1,2010-04-08,8.569643
2,2010-04-09,8.635357
3,2010-04-12,8.653214
4,2010-04-13,8.658214
5,2010-04-14,8.774643
6,2010-04-15,8.89
7,2010-04-16,8.835714
8,2010-04-19,8.823929
9,2010-04-20,8.735357
10,2010-04-21,9.257857
11,2010-04-22,9.516786
12,2010-04-23,9.6725
13,2010-04-26,9.625
14,2010-04-27,9.358571
15,2010-04-28,9.342857
16,2010-04-29,9.594286
17,2010-04-30,9.324643
18,2010-05-03,9.5125
19,2010-05-04,9.238571
20,2010-05-05,9.1425
21,2010-05-06,8.794643
22,2010-05-07,8.423571
23,2010-05-10,9.071071
24,2010-05-11,9.161429
25,2010-05-12,9.360357
26,2010-05-13,9.227143
27,2010-05-14,9.065
28,2010-05-17,9.079286
29,2010-05-18,9.012857
30,2010-05-19,8.869286
31,2010-05-20,8.491429
32,2010-05-21,8.654286
33,2010-05-24,8.812857
34,2010-05-25,8.757857
35,2010-05-26,8.718214
36,2010-05-27,9.048214
37,2010-05-28,9.174286
38,2010-06-01,9.315357
39,2010-06-02,9.426786
40,2010-06-03,9.397143
41,2010-06-04,9.141429
42,2010-06-07,8.962143
43,2010-06-08,8.904643
44,2010-06-09,8.685714
45,2010-06-10,8.946786
46,2010-06-11,9.053929
47,2010-06-14,9.081429
48,2010-06-15,9.274643
49,2010-06-16,9.544643
50,2010-06-17,9.709643
51,2010-06-18,9.788214
52,2010-06-21,9.648929
53,2010-06-22,9.780357
54,2010-06-23,9.6775
55,2010-06-24,9.607143
56,2010-06-25,9.525
57,2010-06-28,9.582143
58,2010-06-29,9.148929
59,2010-06-30,8.983214
60,2010-07-01,8.874286
61,2010-07-02,8.819286
62,2010-07-06,8.879643
63,2010-07-07,9.238214
64,2010-07-08,9.2175
65,2010-07-09,9.272143
66,2010-07-12,9.188929
67,2010-07-13,8.992857
68,2010-07-14,9.026071
69,2010-07-15,8.980357
70,2010-07-16,8.925
71,2010-07-19,8.770714
72,2010-07-20,8.996071
73,2010-07-21,9.08
74,2010-07-22,9.250714
75,2010-07-23,9.283571
76,2010-07-26,9.26
77,2010-07-27,9.431429
78,2010-07-28,9.32
79,2010-07-29,9.218214
80,2010-07-30,9.1875
81,2010-08-02,9.351786
82,2010-08-03,9.354643
83,2010-08-04,9.392143
84,2010-08-05,9.346429
85,2010-08-06,9.288929
86,2010-08-09,9.348214
87,2010-08-10,9.264643
88,2010-08-11,8.935357
89,2010-08-12,8.9925
90,2010-08-13,8.896429
91,2010-08-16,8.844286
92,2010-08-17,8.998929
93,2010-08-18,9.038214
94,2010-08-19,8.924286
95,2010-08-20,8.915714
96,2010-08-23,8.778571
97,2010-08-24,8.568929
98,2010-08-25,8.674643
99,2010-08-26,8.581429
100,2010-08-27,8.629286
101,2010-08-30,8.660714
102,2010-08-31,8.682143
103,2010-09-01,8.940357
104,2010-09-02,9.006071
105,2010-09-03,9.241786
106,2010-09-07,9.2075
107,2010-09-08,9.39
108,2010-09-09,9.395357
109,2010-09-10,9.4075
110,2010-09-13,9.537143
111,2010-09-14,9.573571
112,2010-09-15,9.650714
113,2010-09-16,9.8775
114,2010-09-17,9.834643
115,2010-09-20,10.115357
116,2010-09-21,10.134643
117,2010-09-22,10.276786
118,2010-09-23,10.318571
119,2010-09-24,10.44
120,2010-09-27,10.398571
121,2010-09-28,10.245
122,2010-09-29,10.263214
123,2010-09-30,10.133929
124,2010-10-01,10.09
125,2010-10-04,9.951429
126,2010-10-05,10.319286
127,2010-10-06,10.328214
128,2010-10-07,10.329286
129,2010-10-08,10.5025
130,2010-10-11,10.548571
131,2010-10-12,10.662143
132,2010-10-13,10.719286
133,2010-10-14,10.796786
134,2010-10-15,11.240714
135,2010-10-18,11.357143
136,2010-10-19,11.053214
137,2010-10-20,11.090357
138,2010-10-21,11.054286
139,2010-10-22,10.981071
140,2010-10-25,11.03
141,2010-10-26,11.001786
142,2010-10-27,10.993929
143,2010-10-28,10.901429
144,2010-10-29,10.749286
145,2010-11-01,10.863571
146,2010-11-02,11.048571
147,2010-11-03,11.171429
148,2010-11-04,11.366786
149,2010-11-05,11.326071
150,2010-11-08,11.379286
151,2010-11-09,11.288571
152,2010-11-10,11.358214
153,2010-11-11,11.308929
154,2010-11-12,11.001071
155,2010-11-15,10.965714
156,2010-11-16,10.771071
157,2010-11-17,10.732143
158,2010-11-18,11.015357
159,2010-11-19,10.954643
160,2010-11-22,11.191429
161,2010-11-23,11.026071
162,2010-11-24,11.242857
163,2010-11-26,11.25
164,2010-11-29,11.316786
165,2010-11-30,11.1125
166,2010-12-01,11.3
167,2010-12-02,11.3625
168,2010-12-03,11.337143
169,2010-12-06,11.433929
170,2010-12-07,11.364643
171,2010-12-08,11.464643
172,2010-12-09,11.42
173,2010-12-10,11.448571
174,2010-12-13,11.488214
175,2010-12-14,11.438929
176,2010-12-15,11.441429
177,2010-12-16,11.473214
178,2010-12-17,11.450357
179,2010-12-20,11.5075
180,2010-12-21,11.578571
181,2010-12-22,11.612857
182,2010-12-23,11.557143
183,2010-12-27,11.595714
184,2010-12-28,11.623929
185,2010-12-29,11.6175
186,2010-12-30,11.559286
187,2010-12-31,11.52
188,2011-01-03,11.770357
189,2011-01-04,11.831786
190,2011-01-05,11.928571
191,2011-01-06,11.918929
192,2011-01-07,12.004286
193,2011-01-10,12.230357
194,2011-01-11,12.201429
195,2011-01-12,12.300714
196,2011-01-13,12.345714
197,2011-01-14,12.445714
198,2011-01-18,12.166071
199,2011-01-19,12.101429
200,2011-01-20,11.881429
201,2011-01-21,11.668571
202,2011-01-24,12.051786
203,2011-01-25,12.192857
204,2011-01-26,12.280357
205,2011-01-27,12.2575
206,2011-01-28,12.003571
207,2011-01-31,12.118571
208,2011-02-01,12.3225
209,2011-02-02,12.297143
210,2011-02-03,12.265714
211,2011-02-04,12.375
212,2011-02-07,12.567143
213,2011-02-08,12.685714
214,2011-02-09,12.791429
215,2011-02-10,12.662143
216,2011-02-11,12.744643
217,2011-02-14,12.827857
218,2011-02-15,12.853571
219,2011-02-16,12.968929
220,2011-02-17,12.796429
221,2011-02-18,12.52
222,2011-02-22,12.093214
223,2011-02-23,12.236429
224,2011-02-24,12.245714
225,2011-02-25,12.434286
226,2011-02-28,12.614643
227,2011-03-01,12.475357
228,2011-03-02,12.575714
229,2011-03-03,12.841429
230,2011-03-04,12.857143
231,2011-03-07,12.691429
232,2011-03-08,12.705714
233,2011-03-09,12.588214
234,2011-03-10,12.381071
235,2011-03-11,12.571071
236,2011-03-14,12.627143
237,2011-03-15,12.336786
238,2011-03-16,11.786071
239,2011-03-17,11.951429
240,2011-03-18,11.809643
241,2011-03-21,12.117857
242,2011-03-22,12.185714
243,2011-03-23,12.113929
244,2011-03-24,12.320357
245,2011-03-25,12.555
246,2011-03-28,12.515714
247,2011-03-29,12.534286
248,2011-03-30,12.451071
249,2011-03-31,12.446786
250,2011-04-01,12.305714
251,2011-04-04,12.185357
252,2011-04-05,12.103214
253,2011-04-06,12.072857
254,2011-04-07,12.074286
255,2011-04-08,11.966429
256,2011-04-11,11.814286
257,2011-04-12,11.871429
258,2011-04-13,12.004643
259,2011-04-14,11.872143
260,2011-04-15,11.695
261,2011-04-18,11.851786
262,2011-04-19,12.066429
263,2011-04-20,12.228929
264,2011-04-21,12.525
265,2011-04-25,12.6075
266,2011-04-26,12.515
267,2011-04-27,12.505357
268,2011-04-28,12.383929
269,2011-04-29,12.504643
270,2011-05-02,12.367143
271,2011-05-03,12.435714
272,2011-05-04,12.484643
273,2011-05-05,12.383929
274,2011-05-06,12.380714
275,2011-05-09,12.414286
276,2011-05-10,12.480357
277,2011-05-11,12.401071
278,2011-05-12,12.3775
279,2011-05-13,12.160714
280,2011-05-16,11.903571
281,2011-05-17,12.005
282,2011-05-18,12.138214
283,2011-05-19,12.161786
284,2011-05-20,11.972143
285,2011-05-23,11.942857
286,2011-05-24,11.863929
287,2011-05-25,12.027857
288,2011-05-26,11.964286
289,2011-05-27,12.050357
290,2011-05-31,12.4225
291,2011-06-01,12.339643
292,2011-06-02,12.360714
293,2011-06-03,12.265714
294,2011-06-06,12.072857
295,2011-06-07,11.858571
296,2011-06-08,11.865714
297,2011-06-09,11.838929
298,2011-06-10,11.639286
299,2011-06-13,11.664286
300,2011-06-14,11.872857
301,2011-06-15,11.669643
302,2011-06-16,11.612857
303,2011-06-17,11.437857
304,2011-06-20,11.261429
305,2011-06-21,11.617857
306,2011-06-22,11.521786
307,2011-06-23,11.829643
308,2011-06-24,11.655357
309,2011-06-27,11.858571
310,2011-06-28,11.973571
311,2011-06-29,11.93
312,2011-06-30,11.988214
313,2011-07-01,12.259286
314,2011-07-05,12.479643
315,2011-07-06,12.562857
316,2011-07-07,12.757143
317,2011-07-08,12.846786
318,2011-07-11,12.642857
319,2011-07-12,12.633929
320,2011-07-13,12.786429
321,2011-07-14,12.7775
322,2011-07-15,13.032857
323,2011-07-18,13.35
324,2011-07-19,13.458929
325,2011-07-20,13.817857
326,2011-07-21,13.831786
327,2011-07-22,14.046429
328,2011-07-25,14.232143
329,2011-07-26,14.4075
330,2011-07-27,14.021071
331,2011-07-28,13.993571
332,2011-07-29,13.945714
333,2011-08-01,14.169643
334,2011-08-02,13.889643
335,2011-08-03,14.020357
336,2011-08-04,13.4775
337,2011-08-05,13.343571
338,2011-08-08,12.614643
339,2011-08-09,13.3575
340,2011-08-10,12.988929
341,2011-08-11,13.346429
342,2011-08-12,13.463929
343,2011-08-15,13.693214
344,2011-08-16,13.588571
345,2011-08-17,13.587143
346,2011-08-18,13.073214
347,2011-08-19,12.715357
348,2011-08-22,12.73
349,2011-08-23,13.342857
350,2011-08-24,13.435
351,2011-08-25,13.347143
352,2011-08-26,13.699286
353,2011-08-29,13.9275
354,2011-08-30,13.928214
355,2011-08-31,13.743929
356,2011-09-01,13.608214
357,2011-09-02,13.358929
358,2011-09-06,13.562143
359,2011-09-07,13.711786
360,2011-09-08,13.719286
361,2011-09-09,13.481429
362,2011-09-12,13.569286
363,2011-09-13,13.736429
364,2011-09-14,13.903571
365,2011-09-15,14.034286
366,2011-09-16,14.303571
367,2011-09-19,14.701071
368,2011-09-20,14.766071
369,2011-09-21,14.719286
370,2011-09-22,14.350714
371,2011-09-23,14.439286
372,2011-09-26,14.398929
373,2011-09-27,14.259286
374,2011-09-28,14.178929
375,2011-09-29,13.948929
376,2011-09-30,13.618571
377,2011-10-03,13.378571
378,2011-10-04,13.303571
379,2011-10-05,13.508929
380,2011-10-06,13.4775
381,2011-10-07,13.207143
382,2011-10-10,13.886071
383,2011-10-11,14.296071
384,2011-10-12,14.363929
385,2011-10-13,14.586786
386,2011-10-14,15.071429
387,2011-10-17,14.999643
388,2011-10-18,15.08
389,2011-10-19,14.236429
390,2011-10-20,14.118214
391,2011-10-21,14.031071
392,2011-10-24,14.491786
393,2011-10-25,14.206071
394,2011-10-26,14.307143
395,2011-10-27,14.453214
396,2011-10-28,14.4625
397,2011-10-31,14.456429
398,2011-11-01,14.161071
399,2011-11-02,14.193214
400,2011-11-03,14.395357
401,2011-11-04,14.294286
402,2011-11-07,14.276071
403,2011-11-08,14.508214
404,2011-11-09,14.117143
405,2011-11-10,13.757857
406,2011-11-11,13.736429
407,2011-11-14,13.545
408,2011-11-15,13.886786
409,2011-11-16,13.741786
410,2011-11-17,13.478929
411,2011-11-18,13.390714
412,2011-11-21,13.178929
413,2011-11-22,13.446786
414,2011-11-23,13.106786
415,2011-11-25,12.984643
416,2011-11-28,13.432857
417,2011-11-29,13.328571
418,2011-11-30,13.65
419,2011-12-01,13.854643
420,2011-12-02,13.917857
421,2011-12-05,14.036071
422,2011-12-06,13.9625
423,2011-12-07,13.896071
424,2011-12-08,13.952143
425,2011-12-09,14.057857
426,2011-12-12,13.994286
427,2011-12-13,13.886071
428,2011-12-14,13.578214
429,2011-12-15,13.533571
430,2011-12-16,13.607857
431,2011-12-19,13.650357
432,2011-12-20,14.141071
433,2011-12-21,14.158929
434,2011-12-22,14.233929
435,2011-12-23,14.404643
436,2011-12-27,14.518929
437,2011-12-28,14.38
438,2011-12-29,14.468571
439,2011-12-30,14.464286
440,2012-01-03,14.686786
441,2012-01-04,14.765714
442,2012-01-05,14.929643
443,2012-01-06,15.085714
444,2012-01-09,15.061786
445,2012-01-10,15.115714
446,2012-01-11,15.091071
447,2012-01-12,15.049643
448,2012-01-13,14.993214
449,2012-01-17,15.167857
450,2012-01-18,15.325357
451,2012-01-19,15.276786
452,2012-01-20,15.010714
453,2012-01-23,15.264643
454,2012-01-24,15.014643
455,2012-01-25,15.952143
456,2012-01-26,15.879643
457,2012-01-27,15.974286
458,2012-01-30,16.178928
459,2012-01-31,16.302856
460,2012-02-01,16.2925
461,2012-02-02,16.254286
462,2012-02-03,16.417143
463,2012-02-06,16.570356
464,2012-02-07,16.743929
465,2012-02-08,17.024286
466,2012-02-09,17.613214
467,2012-02-10,17.622143
468,2012-02-13,17.950001
469,2012-02-14,18.195
470,2012-02-15,17.77393
471,2012-02-16,17.936071
472,2012-02-17,17.932858
473,2012-02-21,18.387501
474,2012-02-22,18.322857
475,2012-02-23,18.442499
476,2012-02-24,18.657499
477,2012-02-27,18.777143
478,2012-02-28,19.121786
479,2012-02-29,19.372856
480,2012-03-01,19.445356
481,2012-03-02,19.470715
482,2012-03-05,19.04143
483,2012-03-06,18.937857
484,2012-03-07,18.953215
485,2012-03-08,19.356787
486,2012-03-09,19.470358
487,2012-03-12,19.714287
488,2012-03-13,20.289286
489,2012-03-14,21.056429
490,2012-03-15,20.912857
491,2012-03-16,20.913214
492,2012-03-19,21.467857
493,2012-03-20,21.64143
494,2012-03-21,21.517857
495,2012-03-22,21.405001
496,2012-03-23,21.2875
497,2012-03-26,21.677856
498,2012-03-27,21.945715
499,2012-03-28,22.057858
500,2012-03-29,21.780714
501,2012-03-30,21.4125
502,2012-04-02,22.093929
503,2012-04-03,22.475714
504,2012-04-04,22.296785
505,2012-04-05,22.63143
506,2012-04-09,22.7225
507,2012-04-10,22.444286
508,2012-04-11,22.364286
509,2012-04-12,22.241785
510,2012-04-13,21.615356
511,2012-04-16,20.718929
512,2012-04-17,21.775
513,2012-04-18,21.726429
514,2012-04-19,20.98
515,2012-04-20,20.463572
516,2012-04-23,20.417856
517,2012-04-24,20.01
518,2012-04-25,21.785713
519,2012-04-26,21.703571
520,2012-04-27,21.535713
521,2012-04-30,20.856428
522,2012-05-01,20.790358
523,2012-05-02,20.927856
524,2012-05-03,20.779285
525,2012-05-04,20.1875
526,2012-05-07,20.338572
527,2012-05-08,20.292143
528,2012-05-09,20.327856
529,2012-05-10,20.375713
530,2012-05-11,20.239643
531,2012-05-14,19.936428
532,2012-05-15,19.756071
533,2012-05-16,19.502857
534,2012-05-17,18.932858
535,2012-05-18,18.942142
536,2012-05-21,20.045713
537,2012-05-22,19.891787
538,2012-05-23,20.377144
539,2012-05-24,20.190001
540,2012-05-25,20.081785
541,2012-05-29,20.438213
542,2012-05-30,20.684643
543,2012-05-31,20.633215
544,2012-06-01,20.035357
545,2012-06-04,20.153214
546,2012-06-05,20.10107
547,2012-06-06,20.409286
548,2012-06-07,20.418571
549,2012-06-08,20.725714
550,2012-06-11,20.39893
551,2012-06-12,20.577143
552,2012-06-13,20.434286
553,2012-06-14,20.411785
554,2012-06-15,20.504642
555,2012-06-18,20.920713
556,2012-06-19,20.97893
557,2012-06-20,20.919287
558,2012-06-21,20.631071
559,2012-06-22,20.789286
560,2012-06-25,20.384644
561,2012-06-26,20.429644
562,2012-06-27,20.517857
563,2012-06-28,20.323214
564,2012-06-29,20.857143
565,2012-07-02,21.161428
566,2012-07-03,21.407499
567,2012-07-05,21.783571
568,2012-07-06,21.638571
569,2012-07-09,21.924643
570,2012-07-10,21.721786
571,2012-07-11,21.586786
572,2012-07-12,21.389286
573,2012-07-13,21.606071
574,2012-07-16,21.675358
575,2012-07-17,21.67643
576,2012-07-18,21.652143
577,2012-07-19,21.940001
578,2012-07-20,21.582144
579,2012-07-23,21.565357
580,2012-07-24,21.46143
581,2012-07-25,20.534643
582,2012-07-26,20.531429
583,2012-07-27,20.898571
584,2012-07-30,21.251072
585,2012-07-31,21.812857
586,2012-08-01,21.671785
587,2012-08-02,21.706785
588,2012-08-03,21.989286
589,2012-08-06,22.233929
590,2012-08-07,22.175358
591,2012-08-08,22.137857
592,2012-08-09,22.168928
593,2012-08-10,22.203571
594,2012-08-13,22.5
595,2012-08-14,22.560356
596,2012-08-15,22.529642
597,2012-08-16,22.726429
598,2012-08-17,23.146786
599,2012-08-20,23.755358
600,2012-08-21,23.430714
601,2012-08-22,23.888214
602,2012-08-23,23.665358
603,2012-08-24,23.686428
604,2012-08-27,24.13143
605,2012-08-28,24.1
606,2012-08-29,24.0525
607,2012-08-30,23.709642
608,2012-08-31,23.758572
609,2012-09-04,24.106071
610,2012-09-05,23.936787
611,2012-09-06,24.1525
612,2012-09-07,24.30143
613,2012-09-10,23.669287
614,2012-09-11,23.592501
615,2012-09-12,23.92107
616,2012-09-13,24.392143
617,2012-09-14,24.688572
618,2012-09-17,24.992144
619,2012-09-18,25.068214
620,2012-09-19,25.075001
621,2012-09-20,24.953571
622,2012-09-21,25.003214
623,2012-09-24,24.67107
624,2012-09-25,24.055
625,2012-09-26,23.75643
626,2012-09-27,24.332857
627,2012-09-28,23.825001
628,2012-10-01,23.549643
629,2012-10-02,23.618214
630,2012-10-03,23.980356
631,2012-10-04,23.814285
632,2012-10-05,23.306786
633,2012-10-08,22.791786
634,2012-10-09,22.708929
635,2012-10-10,22.889643
636,2012-10-11,22.432142
637,2012-10-12,22.489643
638,2012-10-15,22.67
639,2012-10-16,23.206785
640,2012-10-17,23.021786
641,2012-10-18,22.594286
642,2012-10-19,21.780001
643,2012-10-22,22.643929
644,2012-10-23,21.905714
645,2012-10-24,22.029642
646,2012-10-25,21.769285
647,2012-10-26,21.571428
648,2012-10-31,21.261429
649,2012-11-01,21.305
650,2012-11-02,20.6
651,2012-11-05,20.879286
652,2012-11-06,20.816071
653,2012-11-07,19.928572
654,2012-11-08,19.205357
655,2012-11-09,19.537857
656,2012-11-12,19.386786
657,2012-11-13,19.389286
658,2012-11-14,19.174286
659,2012-11-15,18.772142
660,2012-11-16,18.845715
661,2012-11-19,20.204643
662,2012-11-20,20.032499
663,2012-11-21,20.060715
664,2012-11-23,20.410713
665,2012-11-26,21.054644
666,2012-11-27,20.885
667,2012-11-28,20.819286
668,2012-11-29,21.048571
669,2012-11-30,20.902857
670,2012-12-03,20.935356
671,2012-12-04,20.566071
672,2012-12-05,19.2425
673,2012-12-06,19.544287
674,2012-12-07,19.044643
675,2012-12-10,18.922144
676,2012-12-11,19.335358
677,2012-12-12,19.25
678,2012-12-13,18.9175
679,2012-12-14,18.206785
680,2012-12-17,18.529642
681,2012-12-18,19.067858
682,2012-12-19,18.796785
683,2012-12-20,18.633215
684,2012-12-21,18.547501
685,2012-12-24,18.577499
686,2012-12-26,18.321428
687,2012-12-27,18.395
688,2012-12-28,18.199642
689,2012-12-31,19.006071
690,2013-01-02,19.608213
691,2013-01-03,19.360714
692,2013-01-04,18.821428
693,2013-01-07,18.710714
694,2013-01-08,18.76107
695,2013-01-09,18.467857
696,2013-01-10,18.696787
697,2013-01-11,18.582144
698,2013-01-14,17.919643
699,2013-01-15,17.354286
700,2013-01-16,18.074642
701,2013-01-17,17.952856
702,2013-01-18,17.857143
703,2013-01-22,18.0275
704,2013-01-23,18.3575
705,2013-01-24,16.089287
706,2013-01-25,15.71
707,2013-01-28,16.065357
708,2013-01-29,16.366785
709,2013-01-30,16.315357
710,2013-01-31,16.2675
711,2013-02-01,16.200714
712,2013-02-04,15.797143
713,2013-02-05,16.351429
714,2013-02-06,16.333929
715,2013-02-07,16.722143
716,2013-02-08,16.963572
717,2013-02-11,17.140356
718,2013-02-12,16.710714
719,2013-02-13,16.678928
720,2013-02-14,16.663929
721,2013-02-15,16.434286
722,2013-02-19,16.428213
723,2013-02-20,16.030357
724,2013-02-21,15.930714
725,2013-02-22,16.100357
726,2013-02-25,15.814286
727,2013-02-26,16.034643
728,2013-02-27,15.8775
729,2013-02-28,15.764286
730,2013-03-01,15.373929
731,2013-03-04,15.001786
732,2013-03-05,15.397857
733,2013-03-06,15.202143
734,2013-03-07,15.377857
735,2013-03-08,15.418571
736,2013-03-11,15.638214
737,2013-03-12,15.301071
738,2013-03-13,15.298214
739,2013-03-14,15.446429
740,2013-03-15,15.845
741,2013-03-18,16.275715
742,2013-03-19,16.231787
743,2013-03-20,16.145714
744,2013-03-21,16.168928
745,2013-03-22,16.496786
746,2013-03-25,16.556429
747,2013-03-26,16.469286
748,2013-03-27,16.145714
749,2013-03-28,15.809286
750,2013-04-01,15.318214
751,2013-04-02,15.349643
752,2013-04-03,15.428214
753,2013-04-04,15.275714
754,2013-04-05,15.114286
755,2013-04-08,15.221786
756,2013-04-09,15.249286
757,2013-04-10,15.560357
758,2013-04-11,15.511786
759,2013-04-12,15.35
760,2013-04-15,14.994643
761,2013-04-16,15.222857
762,2013-04-17,14.385714
763,2013-04-18,14.001786
764,2013-04-19,13.9475
765,2013-04-22,14.238214
766,2013-04-23,14.504643
767,2013-04-24,14.480714
768,2013-04-25,14.585
769,2013-04-26,14.9
770,2013-04-29,15.361429
771,2013-04-30,15.813571
772,2013-05-01,15.688929
773,2013-05-02,15.911429
774,2013-05-03,16.070715
775,2013-05-06,16.45393
776,2013-05-07,16.380714
777,2013-05-08,16.565714
778,2013-05-09,16.313213
779,2013-05-10,16.1775
780,2013-05-13,16.240713
781,2013-05-14,15.852143
782,2013-05-15,15.316071
783,2013-05-16,15.520714
784,2013-05-17,15.473571
785,2013-05-20,15.818929
786,2013-05-21,15.702143
787,2013-05-22,15.7625
788,2013-05-23,15.790714
789,2013-05-24,15.898214
790,2013-05-28,15.765714
791,2013-05-29,15.891071
792,2013-05-30,16.127857
793,2013-05-31,16.061787
794,2013-06-03,16.097143
795,2013-06-04,16.046785
796,2013-06-05,15.896786
797,2013-06-06,15.659286
798,2013-06-07,15.778929
799,2013-06-10,15.674643
800,2013-06-11,15.628571
801,2013-06-12,15.435357
802,2013-06-13,15.57
803,2013-06-14,15.358929
804,2013-06-17,15.428571
805,2013-06-18,15.420357
806,2013-06-19,15.107143
807,2013-06-20,14.887143
808,2013-06-21,14.767857
809,2013-06-24,14.376429
810,2013-06-25,14.379643
811,2013-06-26,14.216786
812,2013-06-27,14.063571
813,2013-06-28,14.161786
814,2013-07-01,14.615
815,2013-07-02,14.946071
816,2013-07-03,15.028571
817,2013-07-05,14.907857
818,2013-07-08,14.823214
819,2013-07-09,15.083929
820,2013-07-10,15.026071
821,2013-07-11,15.260357
822,2013-07-12,15.2325
823,2013-07-15,15.265714
824,2013-07-16,15.364286
825,2013-07-17,15.368214
826,2013-07-18,15.42
827,2013-07-19,15.176786
828,2013-07-22,15.225357
829,2013-07-23,14.963929
830,2013-07-24,15.7325
831,2013-07-25,15.660714
832,2013-07-26,15.749643
833,2013-07-29,15.9925
834,2013-07-30,16.190001
835,2013-07-31,16.161785
836,2013-08-01,16.309999
837,2013-08-02,16.519285
838,2013-08-05,16.766071
839,2013-08-06,16.616072
840,2013-08-07,16.606428
841,2013-08-08,16.464643
842,2013-08-09,16.230356
843,2013-08-12,16.691429
844,2013-08-13,17.484644
845,2013-08-14,17.803572
846,2013-08-15,17.782499
847,2013-08-16,17.940357
848,2013-08-19,18.133572
849,2013-08-20,17.895357
850,2013-08-21,17.941429
851,2013-08-22,17.962856
852,2013-08-23,17.893572
853,2013-08-26,17.963215
854,2013-08-27,17.449642
855,2013-08-28,17.532143
856,2013-08-29,17.560715
857,2013-08-30,17.400715
858,2013-09-03,17.449286
859,2013-09-04,17.810356
860,2013-09-05,17.688213
861,2013-09-06,17.793571
862,2013-09-09,18.077499
863,2013-09-10,17.665714
864,2013-09-11,16.70393
865,2013-09-12,16.881786
866,2013-09-13,16.603571
867,2013-09-16,16.075714
868,2013-09-17,16.261429
869,2013-09-18,16.595715
870,2013-09-19,16.867857
871,2013-09-20,16.693214
872,2013-09-23,17.522858
873,2013-09-24,17.467857
874,2013-09-25,17.1975
875,2013-09-26,17.365
876,2013-09-27,17.241072
877,2013-09-30,17.026787
878,2013-10-01,17.427143
879,2013-10-02,17.484285
880,2013-10-03,17.264643
881,2013-10-04,17.251072
882,2013-10-07,17.419643
883,2013-10-08,17.17643
884,2013-10-09,17.378214
885,2013-10-10,17.487143
886,2013-10-11,17.600357
887,2013-10-14,17.715714
888,2013-10-15,17.809999
889,2013-10-16,17.896786
890,2013-10-17,18.017857
891,2013-10-18,18.174643
892,2013-10-21,18.620001
893,2013-10-22,18.566786
894,2013-10-23,18.748571
895,2013-10-24,18.996786
896,2013-10-25,18.784286
897,2013-10-28,18.924286
898,2013-10-29,18.452856
899,2013-10-30,18.746429
900,2013-10-31,18.667856
901,2013-11-01,18.5725
902,2013-11-04,18.8125
903,2013-11-05,18.766071
904,2013-11-06,18.604286
905,2013-11-07,18.303213
906,2013-11-08,18.591429
907,2013-11-11,18.5375
908,2013-11-12,18.571787
909,2013-11-13,18.593929
910,2013-11-14,18.862858
911,2013-11-15,18.749643
912,2013-11-18,18.522499
913,2013-11-19,18.555357
914,2013-11-20,18.392857
915,2013-11-21,18.612143
916,2013-11-22,18.564285
917,2013-11-25,18.705
918,2013-11-26,19.049999
919,2013-11-27,19.498571
920,2013-11-29,19.859644
921,2013-12-02,19.686787
922,2013-12-03,20.225714
923,2013-12-04,20.178572
924,2013-12-05,20.282143
925,2013-12-06,20.000713
926,2013-12-09,20.229643
927,2013-12-10,20.198214
928,2013-12-11,20.048571
929,2013-12-12,20.019285
930,2013-12-13,19.801071
931,2013-12-16,19.910713
932,2013-12-17,19.821072
933,2013-12-18,19.670357
934,2013-12-19,19.445
935,2013-12-20,19.607857
936,2013-12-23,20.360357
937,2013-12-24,20.27393
938,2013-12-26,20.139286
939,2013-12-27,20.003214
940,2013-12-30,19.804285
941,2013-12-31,20.036428
942,2014-01-02,19.754642
943,2014-01-03,19.320715
944,2014-01-06,19.426071
945,2014-01-07,19.287144
946,2014-01-08,19.409286
947,2014-01-09,19.161428
948,2014-01-10,19.033571
949,2014-01-13,19.133215
950,2014-01-14,19.513929
951,2014-01-15,19.905714
952,2014-01-16,19.794643
953,2014-01-17,19.309643
954,2014-01-21,19.609644
955,2014-01-22,19.696787
956,2014-01-23,19.863571
957,2014-01-24,19.502501
958,2014-01-27,19.660713
959,2014-01-28,18.089287
960,2014-01-29,17.883928
961,2014-01-30,17.849285
962,2014-01-31,17.878571
963,2014-02-03,17.911785
964,2014-02-04,18.17107
965,2014-02-05,18.306786
966,2014-02-06,18.303928
967,2014-02-07,18.559999
968,2014-02-10,18.8925
969,2014-02-11,19.14143
970,2014-02-12,19.139999
971,2014-02-13,19.44393
972,2014-02-14,19.428213
973,2014-02-18,19.499643
974,2014-02-19,19.191786
975,2014-02-20,18.969643
976,2014-02-21,18.758928
977,2014-02-24,18.84107
978,2014-02-25,18.645
979,2014-02-26,18.476786
980,2014-02-27,18.845358
981,2014-02-28,18.794287
982,2014-03-03,18.848572
983,2014-03-04,18.972857
984,2014-03-05,19.012857
985,2014-03-06,18.955357
986,2014-03-07,18.944286
987,2014-03-10,18.96143
988,2014-03-11,19.14607
989,2014-03-12,19.164642
990,2014-03-13,18.951786
991,2014-03-14,18.73893
992,2014-03-17,18.812143
993,2014-03-18,18.978571
994,2014-03-19,18.973572
995,2014-03-20,18.882143
996,2014-03-21,19.031071
997,2014-03-24,19.256786
998,2014-03-25,19.463928
999,2014-03-26,19.277857
1000,2014-03-27,19.195
1001,2014-03-28,19.173571
1002,2014-03-31,19.169287
1003,2014-04-01,19.344643
1004,2014-04-02,19.376785
1005,2014-04-03,19.2425
1006,2014-04-04,18.99357
1007,2014-04-07,18.695356
1008,2014-04-08,18.694286
1009,2014-04-09,18.940001
1010,2014-04-10,18.695715
1011,2014-04-11,18.557501
1012,2014-04-14,18.63143
1013,2014-04-15,18.498571
1014,2014-04-16,18.536072
1015,2014-04-17,18.747856
1016,2014-04-21,18.970358
1017,2014-04-22,18.989286
1018,2014-04-23,18.741072
1019,2014-04-24,20.2775
1020,2014-04-25,20.42643
1021,2014-04-28,21.217501
1022,2014-04-29,21.154642
1023,2014-04-30,21.074642
1024,2014-05-01,21.124287
1025,2014-05-02,21.16357
1026,2014-05-05,21.462856
1027,2014-05-06,21.22893
1028,2014-05-07,21.154642
1029,2014-05-08,20.999643
1030,2014-05-09,20.912144
1031,2014-05-12,21.172501
1032,2014-05-13,21.205713
1033,2014-05-14,21.209642
1034,2014-05-15,21.029285
1035,2014-05-16,21.339643
1036,2014-05-19,21.592501
1037,2014-05-20,21.596786
1038,2014-05-21,21.653929
1039,2014-05-22,21.688213
1040,2014-05-23,21.933214
1041,2014-05-27,22.343929
1042,2014-05-28,22.286072
1043,2014-05-29,22.692142
1044,2014-05-30,22.607143
1045,2014-06-02,22.451786
1046,2014-06-03,22.769285
1047,2014-06-04,23.029285
1048,2014-06-05,23.119642
1049,2014-06-06,23.05607
1050,2014-06-09,23.424999
1051,2014-06-10,23.5625
1052,2014-06-11,23.465
1053,2014-06-12,23.0725
1054,2014-06-13,22.82
1055,2014-06-16,23.049999
1056,2014-06-17,23.02
1057,2014-06-18,23.045
1058,2014-06-19,22.965
1059,2014-06-20,22.727501
1060,2014-06-23,22.7075
1061,2014-06-24,22.57
1062,2014-06-25,22.59
1063,2014-06-26,22.725
1064,2014-06-27,22.995001
1065,2014-06-30,23.2325
1066,2014-07-01,23.379999
1067,2014-07-02,23.370001
1068,2014-07-03,23.5075
1069,2014-07-07,23.9925
1070,2014-07-08,23.8375
1071,2014-07-09,23.8475
1072,2014-07-10,23.76
1073,2014-07-11,23.805
1074,2014-07-14,24.112499
1075,2014-07-15,23.83
1076,2014-07-16,23.695
1077,2014-07-17,23.272499
1078,2014-07-18,23.6075
1079,2014-07-21,23.485001
1080,2014-07-22,23.68
1081,2014-07-23,24.297501
1082,2014-07-24,24.2575
1083,2014-07-25,24.4175
1084,2014-07-28,24.754999
1085,2014-07-29,24.594999
1086,2014-07-30,24.5375
1087,2014-07-31,23.9
1088,2014-08-01,24.032499
1089,2014-08-04,23.897499
1090,2014-08-05,23.780001
1091,2014-08-06,23.74
1092,2014-08-07,23.620001
1093,2014-08-08,23.684999
1094,2014-08-11,23.997499
1095,2014-08-12,23.9925
1096,2014-08-13,24.309999
1097,2014-08-14,24.375
1098,2014-08-15,24.495001
1099,2014-08-18,24.790001
1100,2014-08-19,25.1325
1101,2014-08-20,25.1425
1102,2014-08-21,25.145
1103,2014-08-22,25.33
1104,2014-08-25,25.385
1105,2014-08-26,25.2225
1106,2014-08-27,25.532499
1107,2014-08-28,25.5625
1108,2014-08-29,25.625
1109,2014-09-02,25.825001
1110,2014-09-03,24.735001
1111,2014-09-04,24.530001
1112,2014-09-05,24.7425
1113,2014-09-08,24.59
1114,2014-09-09,24.497499
1115,2014-09-10,25.25
1116,2014-09-11,25.3575
1117,2014-09-12,25.415001
1118,2014-09-15,25.407499
1119,2014-09-16,25.215
1120,2014-09-17,25.395
1121,2014-09-18,25.4475
1122,2014-09-19,25.24
1123,2014-09-22,25.264999
1124,2014-09-23,25.66
1125,2014-09-24,25.4375
1126,2014-09-25,24.467501
1127,2014-09-26,25.1875
1128,2014-09-29,25.0275
1129,2014-09-30,25.1875
1130,2014-10-01,24.795
1131,2014-10-02,24.975
1132,2014-10-03,24.905001
1133,2014-10-06,24.905001
1134,2014-10-07,24.6875
1135,2014-10-08,25.200001
1136,2014-10-09,25.254999
1137,2014-10-10,25.182501
1138,2014-10-13,24.952499
1139,2014-10-14,24.6875
1140,2014-10-15,24.385
1141,2014-10-16,24.065001
1142,2014-10-17,24.4175
1143,2014-10-20,24.940001
1144,2014-10-21,25.6175
1145,2014-10-22,25.747499
1146,2014-10-23,26.2075
1147,2014-10-24,26.305
1148,2014-10-27,26.2775
1149,2014-10-28,26.684999
1150,2014-10-29,26.834999
1151,2014-10-30,26.745001
1152,2014-10-31,27.0
1153,2014-11-03,27.35
1154,2014-11-04,27.15
1155,2014-11-05,27.215
1156,2014-11-06,27.174999
1157,2014-11-07,27.252501
1158,2014-11-10,27.2075
1159,2014-11-11,27.424999
1160,2014-11-12,27.8125
1161,2014-11-13,28.205
1162,2014-11-14,28.545
1163,2014-11-17,28.497499
1164,2014-11-18,28.8675
1165,2014-11-19,28.6675
1166,2014-11-20,29.077499
1167,2014-11-21,29.1175
1168,2014-11-24,29.657499
1169,2014-11-25,29.4
1170,2014-11-26,29.75
1171,2014-11-28,29.7325
1172,2014-12-01,28.7675
1173,2014-12-02,28.657499
1174,2014-12-03,28.9825
1175,2014-12-04,28.872499
1176,2014-12-05,28.75
1177,2014-12-08,28.1
1178,2014-12-09,28.530001
1179,2014-12-10,27.987499
1180,2014-12-11,27.905001
1181,2014-12-12,27.432501
1182,2014-12-15,27.057501
1183,2014-12-16,26.6875
1184,2014-12-17,27.352501
1185,2014-12-18,28.1625
1186,2014-12-19,27.945
1187,2014-12-22,28.235001
1188,2014-12-23,28.135
1189,2014-12-24,28.002501
1190,2014-12-26,28.497499
1191,2014-12-29,28.477501
1192,2014-12-30,28.129999
1193,2014-12-31,27.594999
1194,2015-01-02,27.3325
1195,2015-01-05,26.5625
1196,2015-01-06,26.565001
1197,2015-01-07,26.9375
1198,2015-01-08,27.9725
1199,2015-01-09,28.002501
1200,2015-01-12,27.3125
1201,2015-01-13,27.555
1202,2015-01-14,27.450001
1203,2015-01-15,26.705
1204,2015-01-16,26.497499
1205,2015-01-20,27.18
1206,2015-01-21,27.387501
1207,2015-01-22,28.1
1208,2015-01-23,28.245001
1209,2015-01-26,28.275
1210,2015-01-27,27.285
1211,2015-01-28,28.827499
1212,2015-01-29,29.725
1213,2015-01-30,29.290001
1214,2015-02-02,29.657499
1215,2015-02-03,29.6625
1216,2015-02-04,29.889999
1217,2015-02-05,29.985001
1218,2015-02-06,29.7325
1219,2015-02-09,29.93
1220,2015-02-10,30.504999
1221,2015-02-11,31.219999
1222,2015-02-12,31.615
1223,2015-02-13,31.77
1224,2015-02-17,31.9575
1225,2015-02-18,32.18
1226,2015-02-19,32.112499
1227,2015-02-20,32.375
1228,2015-02-23,33.25
1229,2015-02-24,33.0425
1230,2015-02-25,32.197498
1231,2015-02-26,32.605
1232,2015-02-27,32.115002
1233,2015-03-02,32.272499
1234,2015-03-03,32.34
1235,2015-03-04,32.134998
1236,2015-03-05,31.602501
1237,2015-03-06,31.65
1238,2015-03-09,31.785
1239,2015-03-10,31.127501
1240,2015-03-11,30.559999
1241,2015-03-12,31.112499
1242,2015-03-13,30.897499
1243,2015-03-16,31.237499
1244,2015-03-17,31.76
1245,2015-03-18,32.1175
1246,2015-03-19,31.875
1247,2015-03-20,31.475
1248,2015-03-23,31.8025
1249,2015-03-24,31.672501
1250,2015-03-25,30.844999
1251,2015-03-26,31.059999
1252,2015-03-27,30.8125
1253,2015-03-30,31.592501
1254,2015-03-31,31.1075
1255,2015-04-01,31.0625
1256,2015-04-02,31.33
1257,2015-04-06,31.8375
1258,2015-04-07,31.502501
1259,2015-04-08,31.4
1260,2015-04-09,31.639999
1261,2015-04-10,31.775
1262,2015-04-13,31.7125
1263,2015-04-14,31.575001
1264,2015-04-15,31.695
1265,2015-04-16,31.5425
1266,2015-04-17,31.1875
1267,2015-04-20,31.9
1268,2015-04-21,31.727501
1269,2015-04-22,32.154999
1270,2015-04-23,32.4175
1271,2015-04-24,32.57
1272,2015-04-27,33.162498
1273,2015-04-28,32.639999
1274,2015-04-29,32.16
1275,2015-04-30,31.2875
1276,2015-05-01,32.237499
1277,2015-05-04,32.174999
1278,2015-05-05,31.450001
1279,2015-05-06,31.252501
1280,2015-05-07,31.315001
1281,2015-05-08,31.905001
1282,2015-05-11,31.58
1283,2015-05-12,31.467501
1284,2015-05-13,31.502501
1285,2015-05-14,32.237499
1286,2015-05-15,32.192501
1287,2015-05-18,32.547501
1288,2015-05-19,32.517502
1289,2015-05-20,32.514999
1290,2015-05-21,32.8475
1291,2015-05-22,33.134998
1292,2015-05-26,32.404999
1293,2015-05-27,33.009998
1294,2015-05-28,32.945
1295,2015-05-29,32.57
1296,2015-06-01,32.634998
1297,2015-06-02,32.490002
1298,2015-06-03,32.529999
1299,2015-06-04,32.34
1300,2015-06-05,32.162498
1301,2015-06-08,31.950001
1302,2015-06-09,31.855
1303,2015-06-10,32.220001
1304,2015-06-11,32.147499
1305,2015-06-12,31.7925
1306,2015-06-15,31.73
1307,2015-06-16,31.9
1308,2015-06-17,31.825001
1309,2015-06-18,31.969999
1310,2015-06-19,31.65
1311,2015-06-22,31.9025
1312,2015-06-23,31.7575
1313,2015-06-24,32.0275
1314,2015-06-25,31.875
1315,2015-06-26,31.6875
1316,2015-06-29,31.1325
1317,2015-06-30,31.3575
1318,2015-07-01,31.65
1319,2015-07-02,31.610001
1320,2015-07-06,31.5
1321,2015-07-07,31.422501
1322,2015-07-08,30.6425
1323,2015-07-09,30.0175
1324,2015-07-10,30.82
1325,2015-07-13,31.415001
1326,2015-07-14,31.4025
1327,2015-07-15,31.705
1328,2015-07-16,32.127499
1329,2015-07-17,32.404999
1330,2015-07-20,33.017502
1331,2015-07-21,32.6875
1332,2015-07-22,31.305
1333,2015-07-23,31.290001
1334,2015-07-24,31.125
1335,2015-07-27,30.692499
1336,2015-07-28,30.844999
1337,2015-07-29,30.747499
1338,2015-07-30,30.592501
1339,2015-07-31,30.325001
1340,2015-08-03,29.610001
1341,2015-08-04,28.66
1342,2015-08-05,28.85
1343,2015-08-06,28.782499
1344,2015-08-07,28.879999
1345,2015-08-10,29.93
1346,2015-08-11,28.372499
1347,2015-08-12,28.809999
1348,2015-08-13,28.7875
1349,2015-08-14,28.99
1350,2015-08-17,29.290001
1351,2015-08-18,29.125
1352,2015-08-19,28.752501
1353,2015-08-20,28.1625
1354,2015-08-21,26.440001
1355,2015-08-24,25.780001
1356,2015-08-25,25.934999
1357,2015-08-26,27.422501
1358,2015-08-27,28.23
1359,2015-08-28,28.3225
1360,2015-08-31,28.190001
1361,2015-09-01,26.93
1362,2015-09-02,28.084999
1363,2015-09-03,27.592501
1364,2015-09-04,27.317499
1365,2015-09-08,28.077499
1366,2015-09-09,27.5375
1367,2015-09-10,28.1425
1368,2015-09-11,28.5525
1369,2015-09-14,28.827499
1370,2015-09-15,29.07
1371,2015-09-16,29.102501
1372,2015-09-17,28.48
1373,2015-09-18,28.362499
1374,2015-09-21,28.8025
1375,2015-09-22,28.35
1376,2015-09-23,28.58
1377,2015-09-24,28.75
1378,2015-09-25,28.6775
1379,2015-09-28,28.110001
1380,2015-09-29,27.264999
1381,2015-09-30,27.575001
1382,2015-10-01,27.395
1383,2015-10-02,27.594999
1384,2015-10-05,27.695
1385,2015-10-06,27.827499
1386,2015-10-07,27.695
1387,2015-10-08,27.375
1388,2015-10-09,28.030001
1389,2015-10-12,27.9
1390,2015-10-13,27.9475
1391,2015-10-14,27.5525
1392,2015-10-15,27.965
1393,2015-10-16,27.76
1394,2015-10-19,27.932501
1395,2015-10-20,28.442499
1396,2015-10-21,28.440001
1397,2015-10-22,28.875
1398,2015-10-23,29.77
1399,2015-10-26,28.82
1400,2015-10-27,28.637501
1401,2015-10-28,29.817499
1402,2015-10-29,30.1325
1403,2015-10-30,29.875
1404,2015-11-02,30.295
1405,2015-11-03,30.6425
1406,2015-11-04,30.5
1407,2015-11-05,30.23
1408,2015-11-06,30.264999
1409,2015-11-09,30.1425
1410,2015-11-10,29.192499
1411,2015-11-11,29.0275
1412,2015-11-12,28.93
1413,2015-11-13,28.084999
1414,2015-11-16,28.545
1415,2015-11-17,28.422501
1416,2015-11-18,29.3225
1417,2015-11-19,29.695
1418,2015-11-20,29.825001
1419,2015-11-23,29.4375
1420,2015-11-24,29.719999
1421,2015-11-25,29.5075
1422,2015-11-27,29.452499
1423,2015-11-30,29.575001
1424,2015-12-01,29.334999
1425,2015-12-02,29.07
1426,2015-12-03,28.799999
1427,2015-12-04,29.7575
1428,2015-12-07,29.57
1429,2015-12-08,29.557501
1430,2015-12-09,28.905001
1431,2015-12-10,29.0425
1432,2015-12-11,28.295
1433,2015-12-14,28.120001
1434,2015-12-15,27.622499
1435,2015-12-16,27.834999
1436,2015-12-17,27.245001
1437,2015-12-18,26.5075
1438,2015-12-21,26.8325
1439,2015-12-22,26.807501
1440,2015-12-23,27.1525
1441,2015-12-24,27.0075
1442,2015-12-28,26.705
1443,2015-12-29,27.184999
1444,2015-12-30,26.83
1445,2015-12-31,26.315001
1446,2016-01-04,26.3375
1447,2016-01-05,25.6775
1448,2016-01-06,25.174999
1449,2016-01-07,24.112499
1450,2016-01-08,24.24
1451,2016-01-11,24.6325
1452,2016-01-12,24.99
1453,2016-01-13,24.3475
1454,2016-01-14,24.879999
1455,2016-01-15,24.282499
1456,2016-01-19,24.165001
1457,2016-01-20,24.1975
1458,2016-01-21,24.075001
1459,2016-01-22,25.355
1460,2016-01-25,24.860001
1461,2016-01-26,24.997499
1462,2016-01-27,23.355
1463,2016-01-28,23.522499
1464,2016-01-29,24.334999
1465,2016-02-01,24.1075
1466,2016-02-02,23.620001
1467,2016-02-03,24.0875
1468,2016-02-04,24.15
1469,2016-02-05,23.504999
1470,2016-02-08,23.752501
1471,2016-02-09,23.747499
1472,2016-02-10,23.567499
1473,2016-02-11,23.424999
1474,2016-02-12,23.497499
1475,2016-02-16,24.16
1476,2016-02-17,24.530001
1477,2016-02-18,24.065001
1478,2016-02-19,24.01
1479,2016-02-22,24.219999
1480,2016-02-23,23.672501
1481,2016-02-24,24.025
1482,2016-02-25,24.190001
1483,2016-02-26,24.227501
1484,2016-02-29,24.172501
1485,2016-03-01,25.1325
1486,2016-03-02,25.1875
1487,2016-03-03,25.375
1488,2016-03-04,25.752501
1489,2016-03-07,25.467501
1490,2016-03-08,25.2575
1491,2016-03-09,25.280001
1492,2016-03-10,25.2925
1493,2016-03-11,25.565001
1494,2016-03-14,25.629999
1495,2016-03-15,26.145
1496,2016-03-16,26.4925
1497,2016-03-17,26.450001
1498,2016-03-18,26.48
1499,2016-03-21,26.477501
1500,2016-03-22,26.68
1501,2016-03-23,26.532499
1502,2016-03-24,26.4175
1503,2016-03-28,26.297501
1504,2016-03-29,26.92
1505,2016-03-30,27.389999
1506,2016-03-31,27.247499
1507,2016-04-01,27.497499
1508,2016-04-04,27.780001
1509,2016-04-05,27.452499
1510,2016-04-06,27.74
1511,2016-04-07,27.135
1512,2016-04-08,27.165001
1513,2016-04-11,27.254999
1514,2016-04-12,27.610001
1515,2016-04-13,28.01
1516,2016-04-14,28.025
1517,2016-04-15,27.4625
1518,2016-04-18,26.870001
1519,2016-04-19,26.727501
1520,2016-04-20,26.782499
1521,2016-04-21,26.4925
1522,2016-04-22,26.42
1523,2016-04-25,26.27
1524,2016-04-26,26.0875
1525,2016-04-27,24.455
1526,2016-04-28,23.7075
1527,2016-04-29,23.434999
1528,2016-05-02,23.41
1529,2016-05-03,23.795
1530,2016-05-04,23.547501
1531,2016-05-05,23.309999
1532,2016-05-06,23.18
1533,2016-05-09,23.1975
1534,2016-05-10,23.355
1535,2016-05-11,23.127501
1536,2016-05-12,22.584999
1537,2016-05-13,22.629999
1538,2016-05-16,23.469999
1539,2016-05-17,23.372499
1540,2016-05-18,23.639999
1541,2016-05-19,23.549999
1542,2016-05-20,23.805
1543,2016-05-23,24.1075
1544,2016-05-24,24.475
1545,2016-05-25,24.905001
1546,2016-05-26,25.102501
1547,2016-05-27,25.0875
1548,2016-05-31,24.965
1549,2016-06-01,24.615
1550,2016-06-02,24.43
1551,2016-06-03,24.48
1552,2016-06-06,24.657499
1553,2016-06-07,24.7575
1554,2016-06-08,24.735001
1555,2016-06-09,24.9125
1556,2016-06-10,24.7075
1557,2016-06-13,24.334999
1558,2016-06-14,24.365
1559,2016-06-15,24.285
1560,2016-06-16,24.387501
1561,2016-06-17,23.8325
1562,2016-06-20,23.775
1563,2016-06-21,23.977501
1564,2016-06-22,23.887501
1565,2016-06-23,24.025
1566,2016-06-24,23.35
1567,2016-06-27,23.01
1568,2016-06-28,23.397499
1569,2016-06-29,23.6
1570,2016-06-30,23.9
1571,2016-07-01,23.9725
1572,2016-07-05,23.747499
1573,2016-07-06,23.8825
1574,2016-07-07,23.985001
1575,2016-07-08,24.17
1576,2016-07-11,24.245001
1577,2016-07-12,24.355
1578,2016-07-13,24.217501
1579,2016-07-14,24.6975
1580,2016-07-15,24.695
1581,2016-07-18,24.9575
1582,2016-07-19,24.967501
1583,2016-07-20,24.99
1584,2016-07-21,24.8575
1585,2016-07-22,24.665001
1586,2016-07-25,24.334999
1587,2016-07-26,24.1675
1588,2016-07-27,25.737499
1589,2016-07-28,26.084999
1590,2016-07-29,26.0525
1591,2016-08-01,26.512501
1592,2016-08-02,26.120001
1593,2016-08-03,26.4475
1594,2016-08-04,26.467501
1595,2016-08-05,26.870001
1596,2016-08-08,27.092501
1597,2016-08-09,27.202499
1598,2016-08-10,27.0
1599,2016-08-11,26.9825
1600,2016-08-12,27.045
1601,2016-08-15,27.370001
1602,2016-08-16,27.344999
1603,2016-08-17,27.305
1604,2016-08-18,27.27
1605,2016-08-19,27.34
1606,2016-08-22,27.127501
1607,2016-08-23,27.2125
1608,2016-08-24,27.0075
1609,2016-08-25,26.8925
1610,2016-08-26,26.735001
1611,2016-08-29,26.705
1612,2016-08-30,26.5
1613,2016-08-31,26.525
1614,2016-09-01,26.682501
1615,2016-09-02,26.932501
1616,2016-09-06,26.924999
1617,2016-09-07,27.09
1618,2016-09-08,26.379999
1619,2016-09-09,25.782499
1620,2016-09-12,26.360001
1621,2016-09-13,26.987499
1622,2016-09-14,27.942499
1623,2016-09-15,28.8925
1624,2016-09-16,28.73
1625,2016-09-19,28.395
1626,2016-09-20,28.3925
1627,2016-09-21,28.387501
1628,2016-09-22,28.655001
1629,2016-09-23,28.1775
1630,2016-09-26,28.219999
1631,2016-09-27,28.272499
1632,2016-09-28,28.487499
1633,2016-09-29,28.045
1634,2016-09-30,28.262501
1635,2016-10-03,28.129999
1636,2016-10-04,28.25
1637,2016-10-05,28.262501
1638,2016-10-06,28.4725
1639,2016-10-07,28.514999
1640,2016-10-10,29.012501
1641,2016-10-11,29.075001
1642,2016-10-12,29.334999
1643,2016-10-13,29.245001
1644,2016-10-14,29.407499
1645,2016-10-17,29.387501
1646,2016-10-18,29.3675
1647,2016-10-19,29.280001
1648,2016-10-20,29.264999
1649,2016-10-21,29.15
1650,2016-10-24,29.4125
1651,2016-10-25,29.5625
1652,2016-10-26,28.897499
1653,2016-10-27,28.620001
1654,2016-10-28,28.43
1655,2016-10-31,28.385
1656,2016-11-01,27.872499
1657,2016-11-02,27.897499
1658,2016-11-03,27.4575
1659,2016-11-04,27.209999
1660,2016-11-07,27.602501
1661,2016-11-08,27.764999
1662,2016-11-09,27.719999
1663,2016-11-10,26.9475
1664,2016-11-11,27.1075
1665,2016-11-14,26.4275
1666,2016-11-15,26.7775
1667,2016-11-16,27.497499
1668,2016-11-17,27.487499
1669,2016-11-18,27.514999
1670,2016-11-21,27.932501
1671,2016-11-22,27.950001
1672,2016-11-23,27.807501
1673,2016-11-25,27.9475
1674,2016-11-28,27.8925
1675,2016-11-29,27.865
1676,2016-11-30,27.629999
1677,2016-12-01,27.372499
1678,2016-12-02,27.475
1679,2016-12-05,27.2775
1680,2016-12-06,27.487499
1681,2016-12-07,27.7575
1682,2016-12-08,28.030001
1683,2016-12-09,28.487499
1684,2016-12-12,28.325001
1685,2016-12-13,28.797501
1686,2016-12-14,28.797501
1687,2016-12-15,28.955
1688,2016-12-16,28.9925
1689,2016-12-19,29.16
1690,2016-12-20,29.237499
1691,2016-12-21,29.264999
1692,2016-12-22,29.0725
1693,2016-12-23,29.129999
1694,2016-12-27,29.315001
1695,2016-12-28,29.190001
1696,2016-12-29,29.182501
1697,2016-12-30,28.955
1698,2017-01-03,29.0375
1699,2017-01-04,29.004999
1700,2017-01-05,29.1525
1701,2017-01-06,29.477501
1702,2017-01-09,29.747499
1703,2017-01-10,29.7775
1704,2017-01-11,29.9375
1705,2017-01-12,29.8125
1706,2017-01-13,29.76
1707,2017-01-17,30.0
1708,2017-01-18,29.997499
1709,2017-01-19,29.945
1710,2017-01-20,30.0
1711,2017-01-23,30.02
1712,2017-01-24,29.9925
1713,2017-01-25,30.469999
1714,2017-01-26,30.485001
1715,2017-01-27,30.487499
1716,2017-01-30,30.407499
1717,2017-01-31,30.3375
1718,2017-02-01,32.1875
1719,2017-02-02,32.1325
1720,2017-02-03,32.27
1721,2017-02-06,32.572498
1722,2017-02-07,32.8825
1723,2017-02-08,33.009998
1724,2017-02-09,33.105
1725,2017-02-10,33.029999
1726,2017-02-13,33.322498
1727,2017-02-14,33.755001
1728,2017-02-15,33.877499
1729,2017-02-16,33.837502
1730,2017-02-17,33.93
1731,2017-02-21,34.174999
1732,2017-02-22,34.2775
1733,2017-02-23,34.1325
1734,2017-02-24,34.165001
1735,2017-02-27,34.232498
1736,2017-02-28,34.247501
1737,2017-03-01,34.947498
1738,2017-03-02,34.740002
1739,2017-03-03,34.945
1740,2017-03-06,34.834999
1741,2017-03-07,34.880001
1742,2017-03-08,34.75
1743,2017-03-09,34.669998
1744,2017-03-10,34.785
1745,2017-03-13,34.799999
1746,2017-03-14,34.747501
1747,2017-03-15,35.115002
1748,2017-03-16,35.172501
1749,2017-03-17,34.997501
1750,2017-03-20,35.365002
1751,2017-03-21,34.959999
1752,2017-03-22,35.355
1753,2017-03-23,35.23
1754,2017-03-24,35.16
1755,2017-03-27,35.220001
1756,2017-03-28,35.950001
1757,2017-03-29,36.029999
1758,2017-03-30,35.982498
1759,2017-03-31,35.915001
1760,2017-04-03,35.924999
1761,2017-04-04,36.192501
1762,2017-04-05,36.005001
1763,2017-04-06,35.915001
1764,2017-04-07,35.834999
1765,2017-04-10,35.7925
1766,2017-04-11,35.407501
1767,2017-04-12,35.450001
1768,2017-04-13,35.262501
1769,2017-04-17,35.4575
1770,2017-04-18,35.299999
1771,2017-04-19,35.169998
1772,2017-04-20,35.610001
1773,2017-04-21,35.567501
1774,2017-04-24,35.91
1775,2017-04-25,36.1325
1776,2017-04-26,35.919998
1777,2017-04-27,35.947498
1778,2017-04-28,35.912498
1779,2017-05-01,36.645
1780,2017-05-02,36.877499
1781,2017-05-03,36.764999
1782,2017-05-04,36.6325
1783,2017-05-05,37.240002
1784,2017-05-08,38.252499
1785,2017-05-09,38.497501
1786,2017-05-10,38.314999
1787,2017-05-11,38.487499
1788,2017-05-12,39.025002
1789,2017-05-15,38.924999
1790,2017-05-16,38.8675
1791,2017-05-17,37.5625
1792,2017-05-18,38.134998
1793,2017-05-19,38.264999
1794,2017-05-22,38.497501
1795,2017-05-23,38.450001
1796,2017-05-24,38.334999
1797,2017-05-25,38.467499
1798,2017-05-26,38.4025
1799,2017-05-30,38.4175
1800,2017-05-31,38.189999
1801,2017-06-01,38.294998
1802,2017-06-02,38.862499
1803,2017-06-05,38.482498
1804,2017-06-06,38.612499
1805,2017-06-07,38.842499
1806,2017-06-08,38.747501
1807,2017-06-09,37.244999
1808,2017-06-12,36.355
1809,2017-06-13,36.647499
1810,2017-06-14,36.290001
1811,2017-06-15,36.072498
1812,2017-06-16,35.567501
1813,2017-06-19,36.584999
1814,2017-06-20,36.252499
1815,2017-06-21,36.467499
1816,2017-06-22,36.407501
1817,2017-06-23,36.57
1818,2017-06-26,36.455002
1819,2017-06-27,35.932499
1820,2017-06-28,36.4575
1821,2017-06-29,35.919998
1822,2017-06-30,36.005001
1823,2017-07-03,35.875
1824,2017-07-05,36.022499
1825,2017-07-06,35.682499
1826,2017-07-07,36.044998
1827,2017-07-10,36.264999
1828,2017-07-11,36.3825
1829,2017-07-12,36.435001
1830,2017-07-13,36.942501
1831,2017-07-14,37.259998
1832,2017-07-17,37.389999
1833,2017-07-18,37.52
1834,2017-07-19,37.755001
1835,2017-07-20,37.584999
1836,2017-07-21,37.567501
1837,2017-07-24,38.022499
1838,2017-07-25,38.185001
1839,2017-07-26,38.365002
1840,2017-07-27,37.639999
1841,2017-07-28,37.375
1842,2017-07-31,37.182499
1843,2017-08-01,37.512501
1844,2017-08-02,39.285
1845,2017-08-03,38.892502
1846,2017-08-04,39.0975
1847,2017-08-07,39.702499
1848,2017-08-08,40.02
1849,2017-08-09,40.264999
1850,2017-08-10,38.830002
1851,2017-08-11,39.369999
1852,2017-08-14,39.962502
1853,2017-08-15,40.400002
1854,2017-08-16,40.237499
1855,2017-08-17,39.465
1856,2017-08-18,39.375
1857,2017-08-21,39.302502
1858,2017-08-22,39.945
1859,2017-08-23,39.994999
1860,2017-08-24,39.817501
1861,2017-08-25,39.965
1862,2017-08-28,40.3675
1863,2017-08-29,40.727501
1864,2017-08-30,40.837502
1865,2017-08-31,41.0
1866,2017-09-01,41.012501
1867,2017-09-05,40.52
1868,2017-09-06,40.477501
1869,2017-09-07,40.314999
1870,2017-09-08,39.657501
1871,2017-09-11,40.375
1872,2017-09-12,40.215
1873,2017-09-13,39.912498
1874,2017-09-14,39.57
1875,2017-09-15,39.970001
1876,2017-09-18,39.6675
1877,2017-09-19,39.682499
1878,2017-09-20,39.017502
1879,2017-09-21,38.3475
1880,2017-09-22,37.9725
1881,2017-09-25,37.637501
1882,2017-09-26,38.285
1883,2017-09-27,38.557499
1884,2017-09-28,38.32
1885,2017-09-29,38.529999
1886,2017-10-02,38.452499
1887,2017-10-03,38.619999
1888,2017-10-04,38.369999
1889,2017-10-05,38.8475
1890,2017-10-06,38.825001
1891,2017-10-09,38.959999
1892,2017-10-10,38.974998
1893,2017-10-11,39.137501
1894,2017-10-12,39.0
1895,2017-10-13,39.247501
1896,2017-10-16,39.970001
1897,2017-10-17,40.1175
1898,2017-10-18,39.939999
1899,2017-10-19,38.994999
1900,2017-10-20,39.0625
1901,2017-10-23,39.0425
1902,2017-10-24,39.275002
1903,2017-10-25,39.102501
1904,2017-10-26,39.352501
1905,2017-10-27,40.762501
1906,2017-10-30,41.68
1907,2017-10-31,42.259998
1908,2017-11-01,41.7225
1909,2017-11-02,42.0275
1910,2017-11-03,43.125
1911,2017-11-06,43.5625
1912,2017-11-07,43.702499
1913,2017-11-08,44.060001
1914,2017-11-09,43.970001
1915,2017-11-10,43.6675
1916,2017-11-13,43.4925
1917,2017-11-14,42.834999
1918,2017-11-15,42.27
1919,2017-11-16,42.775002
1920,2017-11-17,42.537498
1921,2017-11-20,42.494999
1922,2017-11-21,43.285
1923,2017-11-22,43.740002
1924,2017-11-24,43.7425
1925,2017-11-27,43.522499
1926,2017-11-28,43.267502
1927,2017-11-29,42.369999
1928,2017-11-30,42.962502
1929,2017-12-01,42.762501
1930,2017-12-04,42.450001
1931,2017-12-05,42.41
1932,2017-12-06,42.252499
1933,2017-12-07,42.330002
1934,2017-12-08,42.342499
1935,2017-12-11,43.1675
1936,2017-12-12,42.924999
1937,2017-12-13,43.067501
1938,2017-12-14,43.055
1939,2017-12-15,43.4925
1940,2017-12-18,44.105
1941,2017-12-19,43.634998
1942,2017-12-20,43.587502
1943,2017-12-21,43.752499
1944,2017-12-22,43.752499
1945,2017-12-26,42.642502
1946,2017-12-27,42.650002
1947,2017-12-28,42.77
1948,2017-12-29,42.307499
1949,2018-01-02,43.064999
1950,2018-01-03,43.057499
1951,2018-01-04,43.2575
1952,2018-01-05,43.75
1953,2018-01-08,43.587502
1954,2018-01-09,43.5825
1955,2018-01-10,43.572498
1956,2018-01-11,43.82
1957,2018-01-12,44.272499
1958,2018-01-16,44.047501
1959,2018-01-17,44.775002
1960,2018-01-18,44.814999
1961,2018-01-19,44.615002
1962,2018-01-22,44.25
1963,2018-01-23,44.259998
1964,2018-01-24,43.555
1965,2018-01-25,42.7775
1966,2018-01-26,42.877499
1967,2018-01-29,41.990002
1968,2018-01-30,41.7425
1969,2018-01-31,41.857498
1970,2018-02-01,41.945
1971,2018-02-02,40.125
1972,2018-02-05,39.122501
1973,2018-02-06,40.7575
1974,2018-02-07,39.884998
1975,2018-02-08,38.787498
1976,2018-02-09,39.102501
1977,2018-02-12,40.677502
1978,2018-02-13,41.084999
1979,2018-02-14,41.842499
1980,2018-02-15,43.247501
1981,2018-02-16,43.107498
1982,2018-02-20,42.962502
1983,2018-02-21,42.767502
1984,2018-02-22,43.125
1985,2018-02-23,43.875
1986,2018-02-26,44.7425
1987,2018-02-27,44.5975
1988,2018-02-28,44.529999
1989,2018-03-01,43.75
1990,2018-03-02,44.052502
1991,2018-03-05,44.205002
1992,2018-03-06,44.1675
1993,2018-03-07,43.7575
1994,2018-03-08,44.235001
1995,2018-03-09,44.994999
1996,2018-03-12,45.43
1997,2018-03-13,44.9925
1998,2018-03-14,44.610001
1999,2018-03-15,44.662498
2000,2018-03-16,44.505001
2001,2018-03-19,43.825001
2002,2018-03-20,43.810001
2003,2018-03-21,42.817501
2004,2018-03-22,42.212502
2005,2018-03-23,41.235001
2006,2018-03-26,43.192501
2007,2018-03-27,42.084999
2008,2018-03-28,41.619999
2009,2018-03-29,41.945
2010,2018-04-02,41.669998
2011,2018-04-03,42.0975
2012,2018-04-04,42.9025
2013,2018-04-05,43.200001
2014,2018-04-06,42.095001
2015,2018-04-09,42.512501
2016,2018-04-10,43.3125
2017,2018-04-11,43.110001
2018,2018-04-12,43.535
2019,2018-04-13,43.682499
2020,2018-04-16,43.955002
2021,2018-04-17,44.560001
2022,2018-04-18,44.459999
2023,2018-04-19,43.200001
2024,2018-04-20,41.43
2025,2018-04-23,41.310001
2026,2018-04-24,40.735001
2027,2018-04-25,40.912498
2028,2018-04-26,41.055
2029,2018-04-27,40.580002
2030,2018-04-30,41.314999
2031,2018-05-01,42.275002
2032,2018-05-02,44.142502
2033,2018-05-03,44.2225
2034,2018-05-04,45.9575
2035,2018-05-07,46.290001
2036,2018-05-08,46.512501
2037,2018-05-09,46.84
2038,2018-05-10,47.509998
2039,2018-05-11,47.147499
2040,2018-05-14,47.037498
2041,2018-05-15,46.610001
2042,2018-05-16,47.044998
2043,2018-05-17,46.747501
2044,2018-05-18,46.577499
2045,2018-05-21,46.907501
2046,2018-05-22,46.790001
2047,2018-05-23,47.09
2048,2018-05-24,47.037498
2049,2018-05-25,47.145
2050,2018-05-29,46.974998
2051,2018-05-30,46.875
2052,2018-05-31,46.717499
2053,2018-06-01,47.560001
2054,2018-06-04,47.9575
2055,2018-06-05,48.327499
2056,2018-06-06,48.494999
2057,2018-06-07,48.365002
2058,2018-06-08,47.924999
2059,2018-06-11,47.807499
2060,2018-06-12,48.07
2061,2018-06-13,47.674999
2062,2018-06-14,47.700001
2063,2018-06-15,47.209999
2064,2018-06-18,47.185001
2065,2018-06-19,46.422501
2066,2018-06-20,46.625
2067,2018-06-21,46.365002
2068,2018-06-22,46.23
2069,2018-06-25,45.5425
2070,2018-06-26,46.107498
2071,2018-06-27,46.040001
2072,2018-06-28,46.375
2073,2018-06-29,46.2775
2074,2018-07-02,46.794998
2075,2018-07-03,45.98
2076,2018-07-05,46.349998
2077,2018-07-06,46.9925
2078,2018-07-09,47.645
2079,2018-07-10,47.587502
2080,2018-07-11,46.970001
2081,2018-07-12,47.7575
2082,2018-07-13,47.8325
2083,2018-07-16,47.727501
2084,2018-07-17,47.862499
2085,2018-07-18,47.599998
2086,2018-07-19,47.970001
2087,2018-07-20,47.860001
2088,2018-07-23,47.9025
2089,2018-07-24,48.25
2090,2018-07-25,48.705002
2091,2018-07-26,48.552502
2092,2018-07-27,47.744999
2093,2018-07-30,47.477501
2094,2018-07-31,47.572498
2095,2018-08-01,50.375
2096,2018-08-02,51.8475
2097,2018-08-03,51.997501
2098,2018-08-06,52.267502
2099,2018-08-07,51.7775
2100,2018-08-08,51.8125
2101,2018-08-09,52.220001
2102,2018-08-10,51.8825
2103,2018-08-13,52.217499
2104,2018-08-14,52.4375
2105,2018-08-15,52.560001
2106,2018-08-16,53.330002
2107,2018-08-17,54.395
2108,2018-08-20,53.865002
2109,2018-08-21,53.759998
2110,2018-08-22,53.762501
2111,2018-08-23,53.872501
2112,2018-08-24,54.040001
2113,2018-08-27,54.485001
2114,2018-08-28,54.924999
2115,2018-08-29,55.744999
2116,2018-08-30,56.2575
2117,2018-08-31,56.907501
2118,2018-09-04,57.09
2119,2018-09-05,56.717499
2120,2018-09-06,55.775002
2121,2018-09-07,55.325001
2122,2018-09-10,54.5825
2123,2018-09-11,55.962502
2124,2018-09-12,55.267502
2125,2018-09-13,56.602501
2126,2018-09-14,55.959999
2127,2018-09-17,54.470001
2128,2018-09-18,54.560001
2129,2018-09-19,54.592499
2130,2018-09-20,55.0075
2131,2018-09-21,54.415001
2132,2018-09-24,55.197498
2133,2018-09-25,55.547501
2134,2018-09-26,55.105
2135,2018-09-27,56.237499
2136,2018-09-28,56.435001
2137,2018-10-01,56.814999
2138,2018-10-02,57.32
2139,2018-10-03,58.017502
2140,2018-10-04,56.997501
2141,2018-10-05,56.072498
2142,2018-10-08,55.942501
2143,2018-10-09,56.717499
2144,2018-10-10,54.09
2145,2018-10-11,53.612499
2146,2018-10-12,55.5275
2147,2018-10-15,54.34
2148,2018-10-16,55.537498
2149,2018-10-17,55.297501
2150,2018-10-18,54.005001
2151,2018-10-19,54.827499
2152,2018-10-22,55.162498
2153,2018-10-23,55.682499
2154,2018-10-24,53.772499
2155,2018-10-25,54.950001
2156,2018-10-26,54.075001
2157,2018-10-29,53.060001
2158,2018-10-30,53.325001
2159,2018-10-31,54.715
2160,2018-11-01,55.555
2161,2018-11-02,51.869999
2162,2018-11-05,50.397499
2163,2018-11-06,50.942501
2164,2018-11-07,52.487499
2165,2018-11-08,52.122501
2166,2018-11-09,51.1175
2167,2018-11-12,48.5425
2168,2018-11-13,48.057499
2169,2018-11-14,46.700001
2170,2018-11-15,47.852501
2171,2018-11-16,48.3825
2172,2018-11-19,46.465
2173,2018-11-20,44.244999
2174,2018-11-21,44.195
2175,2018-11-23,43.072498
2176,2018-11-26,43.654999
2177,2018-11-27,43.560001
2178,2018-11-28,45.235001
2179,2018-11-29,44.887501
2180,2018-11-30,44.645
2181,2018-12-03,46.205002
2182,2018-12-04,44.172501
2183,2018-12-06,43.68
2184,2018-12-07,42.122501
2185,2018-12-10,42.400002
2186,2018-12-11,42.157501
2187,2018-12-12,42.275002
2188,2018-12-13,42.737499
2189,2018-12-14,41.369999
2190,2018-12-17,40.985001
2191,2018-12-18,41.517502
2192,2018-12-19,40.2225
2193,2018-12-20,39.2075
2194,2018-12-21,37.682499
2195,2018-12-24,36.7075
2196,2018-12-26,39.2925
2197,2018-12-27,39.037498
2198,2018-12-28,39.057499
2199,2018-12-31,39.435001
2200,2019-01-02,39.48
2201,2019-01-03,35.547501
2202,2019-01-04,37.064999
2203,2019-01-07,36.982498
2204,2019-01-08,37.6875
2205,2019-01-09,38.327499
2206,2019-01-10,38.450001
2207,2019-01-11,38.072498
2208,2019-01-14,37.5
2209,2019-01-15,38.267502
2210,2019-01-16,38.735001
2211,2019-01-17,38.965
2212,2019-01-18,39.205002
2213,2019-01-22,38.325001
2214,2019-01-23,38.48
2215,2019-01-24,38.174999
2216,2019-01-25,39.439999
2217,2019-01-28,39.075001
2218,2019-01-29,38.669998
2219,2019-01-30,41.3125
2220,2019-01-31,41.610001
2221,2019-02-01,41.630001
2222,2019-02-04,42.8125
2223,2019-02-05,43.544998
2224,2019-02-06,43.560001
2225,2019-02-07,42.735001
2226,2019-02-08,42.602501
2227,2019-02-11,42.357498
2228,2019-02-12,42.7225
2229,2019-02-13,42.544998
2230,2019-02-14,42.700001
2231,2019-02-15,42.605
2232,2019-02-19,42.732498
2233,2019-02-20,43.0075
2234,2019-02-21,42.764999
2235,2019-02-22,43.2425
2236,2019-02-25,43.557499
2237,2019-02-26,43.5825
2238,2019-02-27,43.717499
2239,2019-02-28,43.287498
2240,2019-03-01,43.7425
2241,2019-03-04,43.962502
2242,2019-03-05,43.8825
2243,2019-03-06,43.630001
2244,2019-03-07,43.125
2245,2019-03-08,43.227501
2246,2019-03-11,44.724998
2247,2019-03-12,45.227501
2248,2019-03-13,45.427502
2249,2019-03-14,45.932499
2250,2019-03-15,46.529999
2251,2019-03-18,47.005001
2252,2019-03-19,46.6325
2253,2019-03-20,47.040001
2254,2019-03-21,48.772499
2255,2019-03-22,47.762501
2256,2019-03-25,47.185001
2257,2019-03-26,46.697498
2258,2019-03-27,47.1175
2259,2019-03-28,47.18
2260,2019-03-29,47.487499
2261,2019-04-01,47.810001
2262,2019-04-02,48.505001
2263,2019-04-03,48.837502
2264,2019-04-04,48.922501
2265,2019-04-05,49.25
2266,2019-04-08,50.025002
2267,2019-04-09,49.875
2268,2019-04-10,50.154999
2269,2019-04-11,49.737499
2270,2019-04-12,49.717499
2271,2019-04-15,49.807499
2272,2019-04-16,49.8125
2273,2019-04-17,50.782501
2274,2019-04-18,50.965
2275,2019-04-22,51.1325
2276,2019-04-23,51.869999
2277,2019-04-24,51.790001
2278,2019-04-25,51.32
2279,2019-04-26,51.075001
2280,2019-04-29,51.1525
2281,2019-04-30,50.1675
2282,2019-05-01,52.630001
2283,2019-05-02,52.287498
2284,2019-05-03,52.9375
2285,2019-05-06,52.119999
2286,2019-05-07,50.715
2287,2019-05-08,50.724998
2288,2019-05-09,50.18
2289,2019-05-10,49.294998
2290,2019-05-13,46.43
2291,2019-05-14,47.165001
2292,2019-05-15,47.73
2293,2019-05-16,47.52
2294,2019-05-17,47.25
2295,2019-05-20,45.772499
2296,2019-05-21,46.650002
2297,2019-05-22,45.695
2298,2019-05-23,44.915001
2299,2019-05-24,44.7425
2300,2019-05-28,44.557499
2301,2019-05-29,44.345001
2302,2019-05-30,44.575001
2303,2019-05-31,43.767502
2304,2019-06-03,43.325001
2305,2019-06-04,44.91
2306,2019-06-05,45.634998
2307,2019-06-06,46.305
2308,2019-06-07,47.537498
2309,2019-06-10,48.145
2310,2019-06-11,48.702499
2311,2019-06-12,48.547501
2312,2019-06-13,48.537498
2313,2019-06-14,48.185001
2314,2019-06-17,48.4725
2315,2019-06-18,49.612499
2316,2019-06-19,49.467499
2317,2019-06-20,49.865002
2318,2019-06-21,49.695
2319,2019-06-24,49.645
2320,2019-06-25,48.892502
2321,2019-06-26,49.950001
2322,2019-06-27,49.935001
2323,2019-06-28,49.48
2324,2019-07-01,50.387501
2325,2019-07-02,50.682499
2326,2019-07-03,51.102501
2327,2019-07-05,51.057499
2328,2019-07-08,50.005001
2329,2019-07-09,50.310001
2330,2019-07-10,50.807499
2331,2019-07-11,50.4375
2332,2019-07-12,50.825001
2333,2019-07-15,51.302502
2334,2019-07-16,51.125
2335,2019-07-17,50.837502
2336,2019-07-18,51.415001
2337,2019-07-19,50.647499
2338,2019-07-22,51.805
2339,2019-07-23,52.209999
2340,2019-07-24,52.1675
2341,2019-07-25,51.755001
2342,2019-07-26,51.935001
2343,2019-07-29,52.419998
2344,2019-07-30,52.195
2345,2019-07-31,53.259998
2346,2019-08-01,52.107498
2347,2019-08-02,51.005001
2348,2019-08-05,48.334999
2349,2019-08-06,49.25
2350,2019-08-07,49.759998
2351,2019-08-08,50.857498
2352,2019-08-09,50.247501
2353,2019-08-12,50.119999
2354,2019-08-13,52.2425
2355,2019-08-14,50.6875
2356,2019-08-15,50.435001
2357,2019-08-16,51.625
2358,2019-08-19,52.587502
2359,2019-08-20,52.59
2360,2019-08-21,53.16
2361,2019-08-22,53.115002
2362,2019-08-23,50.66
2363,2019-08-26,51.622501
2364,2019-08-27,51.040001
2365,2019-08-28,51.3825
2366,2019-08-29,52.252499
2367,2019-08-30,52.185001
2368,2019-09-03,51.424999
2369,2019-09-04,52.297501
2370,2019-09-05,53.32
2371,2019-09-06,53.314999
2372,2019-09-09,53.5425
2373,2019-09-10,54.174999
2374,2019-09-11,55.897499
2375,2019-09-12,55.772499
2376,2019-09-13,54.6875
2377,2019-09-16,54.974998
2378,2019-09-17,55.174999
2379,2019-09-18,55.692501
2380,2019-09-19,55.240002
2381,2019-09-20,54.432499
2382,2019-09-23,54.68
2383,2019-09-24,54.419998
2384,2019-09-25,55.2575
2385,2019-09-26,54.9725
2386,2019-09-27,54.705002
2387,2019-09-30,55.9925
2388,2019-10-01,56.147499
2389,2019-10-02,54.740002
2390,2019-10-03,55.205002
2391,2019-10-04,56.752499
2392,2019-10-07,56.764999
2393,2019-10-08,56.099998
2394,2019-10-09,56.7575
2395,2019-10-10,57.522499
2396,2019-10-11,59.052502
2397,2019-10-14,58.967499
2398,2019-10-15,58.830002
2399,2019-10-16,58.592499
2400,2019-10-17,58.82
2401,2019-10-18,59.102501
2402,2019-10-21,60.127499
2403,2019-10-22,59.990002
2404,2019-10-23,60.794998
2405,2019-10-24,60.895
2406,2019-10-25,61.645
2407,2019-10-28,62.262501
2408,2019-10-29,60.822498
2409,2019-10-30,60.814999
2410,2019-10-31,62.189999
2411,2019-11-01,63.955002
2412,2019-11-04,64.375
2413,2019-11-05,64.282501
2414,2019-11-06,64.309998
2415,2019-11-07,64.857498
2416,2019-11-08,65.035004
2417,2019-11-11,65.550003
2418,2019-11-12,65.489998
2419,2019-11-13,66.1175
2420,2019-11-14,65.660004
2421,2019-11-15,66.440002
2422,2019-11-18,66.775002
2423,2019-11-19,66.572502
2424,2019-11-20,65.797501
2425,2019-11-21,65.502502
2426,2019-11-22,65.445
2427,2019-11-25,66.592499
2428,2019-11-26,66.072502
2429,2019-11-27,66.959999
2430,2019-11-29,66.8125
2431,2019-12-02,66.040001
2432,2019-12-03,64.862503
2433,2019-12-04,65.434998
2434,2019-12-05,66.394997
2435,2019-12-06,67.677498
2436,2019-12-09,66.730003
2437,2019-12-10,67.120003
2438,2019-12-11,67.692497
2439,2019-12-12,67.864998
2440,2019-12-13,68.787498
2441,2019-12-16,69.964996
2442,2019-12-17,70.102501
2443,2019-12-18,69.934998
2444,2019-12-19,70.004997
2445,2019-12-20,69.860001
2446,2019-12-23,71.0
2447,2019-12-24,71.067497
2448,2019-12-26,72.477501
2449,2019-12-27,72.449997
2450,2019-12-30,72.879997
2451,2019-12-31,73.412498
2452,2020-01-02,75.087502
2453,2020-01-03,74.357498
2454,2020-01-06,74.949997
2455,2020-01-07,74.597504
2456,2020-01-08,75.797501
2457,2020-01-09,77.407501
2458,2020-01-10,77.582497
2459,2020-01-13,79.239998
2460,2020-01-14,78.169998
2461,2020-01-15,77.834999
2462,2020-01-16,78.809998
2463,2020-01-17,79.682503
2464,2020-01-21,79.142502
2465,2020-01-22,79.425003
2466,2020-01-23,79.807503
2467,2020-01-24,79.577499
2468,2020-01-27,77.237503
2469,2020-01-28,79.422501
2470,2020-01-29,81.084999
2471,2020-01-30,80.967499
2472,2020-01-31,77.377502
2473,2020-02-03,77.165001
2474,2020-02-04,79.712502
2475,2020-02-05,80.362503
2476,2020-02-06,81.302498
2477,2020-02-07,80.0075
2478,2020-02-10,80.387497
2479,2020-02-11,79.902496
2480,2020-02-12,81.800003
2481,2020-02-13,81.217499
2482,2020-02-14,81.237503
2483,2020-02-18,79.75
2484,2020-02-19,80.904999
2485,2020-02-20,80.074997
2486,2020-02-21,78.262497
2487,2020-02-24,74.544998
2488,2020-02-25,72.019997
2489,2020-02-26,73.162498
2490,2020-02-27,68.379997
2491,2020-02-28,68.339996
2492,2020-03-02,74.702499
2493,2020-03-03,72.330002
2494,2020-03-04,75.684998
2495,2020-03-05,73.230003
2496,2020-03-06,72.2575
2497,2020-03-09,66.542503
2498,2020-03-10,71.334999
2499,2020-03-11,68.857498
2500,2020-03-12,62.057499
2501,2020-03-13,69.4925
2502,2020-03-16,60.552502
2503,2020-03-17,63.215
2504,2020-03-18,61.6675
2505,2020-03-19,61.195
2506,2020-03-20,57.310001
2507,2020-03-23,56.092499
2508,2020-03-24,61.720001
2509,2020-03-25,61.380001
2510,2020-03-26,64.610001
2511,2020-03-27,61.935001
2512,2020-03-30,63.702499
2513,2020-03-31,63.572498
2514,2020-04-01,60.227501
2515,2020-04-02,61.232498
2516,2020-04-03,60.352501
2517,2020-04-06,65.6175
2518,2020-04-07,64.857498
2519,2020-04-08,66.517502
2520,2020-04-09,66.997498
2521,2020-04-13,68.3125
2522,2020-04-14,71.762497
2523,2020-04-15,71.107498
2524,2020-04-16,71.672501
2525,2020-04-17,70.699997
2526,2020-04-20,69.232498
2527,2020-04-21,67.092499
2528,2020-04-22,69.025002
2529,2020-04-23,68.7575
2530,2020-04-24,70.7425
2531,2020-04-27,70.792503
2532,2020-04-28,69.644997
2533,2020-04-29,71.932503
2534,2020-04-30,73.449997
2535,2020-05-01,72.267502
2536,2020-05-04,73.290001
2537,2020-05-05,74.389999
2538,2020-05-06,75.157501
2539,2020-05-07,75.934998
2540,2020-05-08,77.532501
2541,2020-05-11,78.752502
2542,2020-05-12,77.852501
2543,2020-05-13,76.912498
2544,2020-05-14,77.385002
2545,2020-05-15,76.927498
2546,2020-05-18,78.739998
2547,2020-05-19,78.285004
2548,2020-05-20,79.807503
2549,2020-05-21,79.212502
2550,2020-05-22,79.722504
2551,2020-05-26,79.182503
2552,2020-05-27,79.527496
2553,2020-05-28,79.5625
2554,2020-05-29,79.485001
2555,2020-06-01,80.462502
2556,2020-06-02,80.834999
2557,2020-06-03,81.279999
2558,2020-06-04,80.580002
2559,2020-06-05,82.875
2560,2020-06-08,83.364998
2561,2020-06-09,85.997498
2562,2020-06-10,88.209999
2563,2020-06-11,83.974998
2564,2020-06-12,84.699997
2565,2020-06-15,85.747498
2566,2020-06-16,88.019997
2567,2020-06-17,87.897499
2568,2020-06-18,87.932503
2569,2020-06-19,87.43
2570,2020-06-22,89.717499
2571,2020-06-23,91.6325
2572,2020-06-24,90.014999
2573,2020-06-25,91.209999
2574,2020-06-26,88.407501
2575,2020-06-29,90.445
2576,2020-06-30,91.199997
2577,2020-07-01,91.027496
2578,2020-07-02,91.027496
2579,2020-07-06,93.462502
2580,2020-07-07,93.172501
2581,2020-07-08,95.342499
2582,2020-07-09,95.752502
2583,2020-07-10,95.919998
2584,2020-07-13,95.477501
2585,2020-07-14,97.057503
2586,2020-07-15,97.724998
2587,2020-07-16,96.522499
2588,2020-07-17,96.327499
2589,2020-07-20,98.357498
2590,2020-07-21,97.0
2591,2020-07-22,97.272499
2592,2020-07-23,92.845001
2593,2020-07-24,92.614998
2594,2020-07-27,94.809998
2595,2020-07-28,93.252502
2596,2020-07-29,95.040001
2597,2020-07-30,96.190002
2598,2020-07-31,106.260002
2599,2020-08-03,108.9375
2600,2020-08-04,109.665001
2601,2020-08-05,110.0625
2602,2020-08-06,113.902496
2603,2020-08-07,111.112503
2604,2020-08-10,112.727501
2605,2020-08-11,109.375
2606,2020-08-12,113.010002
2607,2020-08-13,115.010002
2608,2020-08-14,114.907501
2609,2020-08-17,114.607498
2610,2020-08-18,115.5625
2611,2020-08-19,115.707497
2612,2020-08-20,118.275002
2613,2020-08-21,124.370003
2614,2020-08-24,125.857498
2615,2020-08-25,124.824997
2616,2020-08-26,126.522499
2617,2020-08-27,125.010002
2618,2020-08-28,124.807503
2619,2020-08-31,129.039993
2620,2020-09-01,134.179993
2621,2020-09-02,131.399994
2622,2020-09-03,120.879997
2623,2020-09-04,120.959999
2624,2020-09-08,112.82
2625,2020-09-09,117.32
2626,2020-09-10,113.489998
2627,2020-09-11,112.0
2628,2020-09-14,115.360001
2629,2020-09-15,115.540001
2630,2020-09-16,112.129997
2631,2020-09-17,110.339996
2632,2020-09-18,106.839996
2633,2020-09-21,110.080002
2634,2020-09-22,111.809998
2635,2020-09-23,107.120003
2636,2020-09-24,108.220001
2637,2020-09-25,112.279999
2638,2020-09-28,114.959999
2639,2020-09-29,114.089996
2640,2020-09-30,115.809998
2641,2020-10-01,116.790001
2642,2020-10-02,113.019997
2643,2020-10-05,116.5
2644,2020-10-06,113.160004
2645,2020-10-07,115.080002
2646,2020-10-08,114.970001
2647,2020-10-09,116.970001
2648,2020-10-12,124.400002
2649,2020-10-13,121.099998
2650,2020-10-14,121.190002
2651,2020-10-15,120.709999
2652,2020-10-16,119.019997
2653,2020-10-19,115.980003
2654,2020-10-20,117.510002
2655,2020-10-21,116.870003
2656,2020-10-22,115.75
2657,2020-10-23,115.040001
2658,2020-10-26,115.050003
2659,2020-10-27,116.599998
2660,2020-10-28,111.199997
2661,2020-10-29,115.32
2662,2020-10-30,108.860001
2663,2020-11-02,108.769997
2664,2020-11-03,110.440002
2665,2020-11-04,114.949997
2666,2020-11-05,119.029999
2667,2020-11-06,118.690002
2668,2020-11-09,116.32
2669,2020-11-10,115.970001
2670,2020-11-11,119.489998
2671,2020-11-12,119.209999
2672,2020-11-13,119.260002
2673,2020-11-16,120.300003
2674,2020-11-17,119.389999
2675,2020-11-18,118.029999
2676,2020-11-19,118.639999
2677,2020-11-20,117.339996
2678,2020-11-23,113.849998
2679,2020-11-24,115.169998
2680,2020-11-25,116.029999
2681,2020-11-27,116.589996
2682,2020-11-30,119.050003
2683,2020-12-01,122.720001
2684,2020-12-02,123.080002
2685,2020-12-03,122.940002
2686,2020-12-04,122.25
2687,2020-12-07,123.75
2688,2020-12-08,124.379997
2689,2020-12-09,121.779999
2690,2020-12-10,123.239998
2691,2020-12-11,122.410004
2692,2020-12-14,121.779999
2693,2020-12-15,127.879997
2694,2020-12-16,127.809998
2695,2020-12-17,128.699997
2696,2020-12-18,126.660004
2697,2020-12-21,128.229996
2698,2020-12-22,131.880005
2699,2020-12-23,130.960007
2700,2020-12-24,131.970001
2701,2020-12-28,136.690002
2702,2020-12-29,134.869995
2703,2020-12-30,133.720001
2704,2020-12-31,132.690002
2705,2021-01-04,129.410004
2706,2021-01-05,131.009995
2707,2021-01-06,126.599998
2708,2021-01-07,130.919998
2709,2021-01-08,132.050003
2710,2021-01-11,128.979996
2711,2021-01-12,128.800003
2712,2021-01-13,130.889999
2713,2021-01-14,128.910004
2714,2021-01-15,127.139999
2715,2021-01-19,127.830002
2716,2021-01-20,132.029999
2717,2021-01-21,136.869995
2718,2021-01-22,139.070007
2719,2021-01-25,142.919998
2720,2021-01-26,143.160004
2721,2021-01-27,142.059998
2722,2021-01-28,137.089996
2723,2021-01-29,131.960007
2724,2021-02-01,134.139999
2725,2021-02-02,134.990005
2726,2021-02-03,133.940002
2727,2021-02-04,137.389999
2728,2021-02-05,136.759995
2729,2021-02-08,136.910004
2730,2021-02-09,136.009995
2731,2021-02-10,135.389999
2732,2021-02-11,135.130005
2733,2021-02-12,135.369995
2734,2021-02-16,133.190002
2735,2021-02-17,130.839996
2736,2021-02-18,129.710007
2737,2021-02-19,129.869995
2738,2021-02-22,126.0
2739,2021-02-23,125.860001
2740,2021-02-24,125.349998
2741,2021-02-25,120.989998
2742,2021-02-26,121.260002
2743,2021-03-01,127.790001
2744,2021-03-02,125.120003
2745,2021-03-03,122.059998
2746,2021-03-04,120.129997
2747,2021-03-05,121.419998
2748,2021-03-08,116.360001
2749,2021-03-09,121.089996
2750,2021-03-10,119.980003
2751,2021-03-11,121.959999
2752,2021-03-12,121.029999
2753,2021-03-15,123.989998
2754,2021-03-16,125.57
2755,2021-03-17,124.760002
2756,2021-03-18,120.529999
2757,2021-03-19,119.989998
2758,2021-03-22,123.389999
2759,2021-03-23,122.540001
2760,2021-03-24,120.089996
2761,2021-03-25,120.589996
2762,2021-03-26,121.209999
2763,2021-03-29,121.389999
2764,2021-03-30,119.900002
2765,2021-03-31,122.150002
2766,2021-04-01,123.0
2767,2021-04-05,125.900002
2768,2021-04-06,126.209999
2769,2021-04-07,127.900002
2770,2021-04-08,130.360001
2771,2021-04-09,133.0
2772,2021-04-12,131.240005
2773,2021-04-13,134.429993
2774,2021-04-14,132.029999
2775,2021-04-15,134.5
2776,2021-04-16,134.160004
2777,2021-04-19,134.839996
2778,2021-04-20,133.110001
2779,2021-04-21,133.5
2780,2021-04-22,131.940002
2781,2021-04-23,134.320007
2782,2021-04-26,134.720001
2783,2021-04-27,134.389999
2784,2021-04-28,133.580002
2785,2021-04-29,133.479996
2786,2021-04-30,131.460007
2787,2021-05-03,132.539993
2788,2021-05-04,127.849998
2789,2021-05-05,128.100006
2790,2021-05-06,129.740005
2791,2021-05-07,130.210007
2792,2021-05-10,126.849998
2793,2021-05-11,125.910004
2794,2021-05-12,122.769997
2795,2021-05-13,124.970001
2796,2021-05-14,127.449997
2797,2021-05-17,126.269997
2798,2021-05-18,124.849998
2799,2021-05-19,124.690002
2800,2021-05-20,127.309998
2801,2021-05-21,125.43
2802,2021-05-24,127.099998
2803,2021-05-25,126.900002
2804,2021-05-26,126.849998
2805,2021-05-27,125.279999
2806,2021-05-28,124.610001
2807,2021-06-01,124.279999
2808,2021-06-02,125.059998
2809,2021-06-03,123.540001
2810,2021-06-04,125.889999
2811,2021-06-07,125.900002
2812,2021-06-08,126.739998
2813,2021-06-09,127.129997
2814,2021-06-10,126.110001
2815,2021-06-11,127.349998
2816,2021-06-14,130.479996
2817,2021-06-15,129.639999
2818,2021-06-16,130.149994
2819,2021-06-17,131.789993
2820,2021-06-18,130.460007
2821,2021-06-21,132.300003
2822,2021-06-22,133.979996
2823,2021-06-23,133.699997
2824,2021-06-24,133.410004
2825,2021-06-25,133.110001
2826,2021-06-28,134.779999
2827,2021-06-29,136.330002
2828,2021-06-30,136.960007
2829,2021-07-01,137.270004
2830,2021-07-02,139.960007
2831,2021-07-06,142.020004
2832,2021-07-07,144.570007
2833,2021-07-08,143.240005
2834,2021-07-09,145.110001
2835,2021-07-12,144.5
2836,2021-07-13,145.639999
2837,2021-07-14,149.149994
2838,2021-07-15,148.479996
2839,2021-07-16,146.389999
2840,2021-07-19,142.449997
2841,2021-07-20,146.149994
2842,2021-07-21,145.399994
2843,2021-07-22,146.800003
2844,2021-07-23,148.559998
2845,2021-07-26,148.990005
2846,2021-07-27,146.770004
2847,2021-07-28,144.979996
2848,2021-07-29,145.639999
2849,2021-07-30,145.860001
2850,2021-08-02,145.520004
2851,2021-08-03,147.360001
2852,2021-08-04,146.949997
2853,2021-08-05,147.059998
2854,2021-08-06,146.139999
2855,2021-08-09,146.089996
2856,2021-08-10,145.600006
2857,2021-08-11,145.860001
2858,2021-08-12,148.889999
2859,2021-08-13,149.100006
2860,2021-08-16,151.119995
2861,2021-08-17,150.190002
2862,2021-08-18,146.360001
2863,2021-08-19,146.699997
2864,2021-08-20,148.190002
2865,2021-08-23,149.710007
2866,2021-08-24,149.619995
2867,2021-08-25,148.360001
2868,2021-08-26,147.539993
2869,2021-08-27,148.600006
2870,2021-08-30,153.119995
2871,2021-08-31,151.830002
2872,2021-09-01,152.509995
2873,2021-09-02,153.649994
2874,2021-09-03,154.300003
2875,2021-09-07,156.690002
2876,2021-09-08,155.110001
2877,2021-09-09,154.070007
2878,2021-09-10,148.970001
2879,2021-09-13,149.550003
2880,2021-09-14,148.119995
2881,2021-09-15,149.029999
2882,2021-09-16,148.789993
2883,2021-09-17,146.059998
2884,2021-09-20,142.940002
2885,2021-09-21,143.429993
2886,2021-09-22,145.850006
2887,2021-09-23,146.830002
2888,2021-09-24,146.919998
2889,2021-09-27,145.369995
2890,2021-09-28,141.910004
2891,2021-09-29,142.830002
2892,2021-09-30,141.5
2893,2021-10-01,142.649994
2894,2021-10-04,139.139999
2895,2021-10-05,141.110001
2896,2021-10-06,142.0
2897,2021-10-07,143.289993
2898,2021-10-08,142.899994
2899,2021-10-11,142.809998
2900,2021-10-12,141.509995
2901,2021-10-13,140.910004
2902,2021-10-14,143.759995
2903,2021-10-15,144.839996
2904,2021-10-18,146.550003
2905,2021-10-19,148.759995
2906,2021-10-20,149.259995
2907,2021-10-21,149.479996
2908,2021-10-22,148.690002
2909,2021-10-25,148.639999
2910,2021-10-26,149.320007
2911,2021-10-27,148.850006
2912,2021-10-28,152.570007
2913,2021-10-29,149.800003
2914,2021-11-01,148.960007
2915,2021-11-02,150.020004
2916,2021-11-03,151.490005
2917,2021-11-04,150.960007
2918,2021-11-05,151.279999
2919,2021-11-08,150.440002
2920,2021-11-09,150.809998
2921,2021-11-10,147.919998
2922,2021-11-11,147.869995
2923,2021-11-12,149.990005
2924,2021-11-15,150.0
2925,2021-11-16,151.0
2926,2021-11-17,153.490005
2927,2021-11-18,157.869995
2928,2021-11-19,160.550003
2929,2021-11-22,161.020004
2930,2021-11-23,161.410004
2931,2021-11-24,161.940002
2932,2021-11-26,156.809998
2933,2021-11-29,160.240005
2934,2021-11-30,165.300003
2935,2021-12-01,164.770004
2936,2021-12-02,163.759995
2937,2021-12-03,161.839996
2938,2021-12-06,165.320007
2939,2021-12-07,171.179993
2940,2021-12-08,175.080002
2941,2021-12-09,174.559998
2942,2021-12-10,179.449997
2943,2021-12-13,175.740005
2944,2021-12-14,174.330002
2945,2021-12-15,179.300003
2946,2021-12-16,172.259995
2947,2021-12-17,171.139999
2948,2021-12-20,169.75
2949,2021-12-21,172.990005
2950,2021-12-22,175.639999
2951,2021-12-23,176.279999
2952,2021-12-27,180.330002
2953,2021-12-28,179.289993
2954,2021-12-29,179.380005
2955,2021-12-30,178.199997
2956,2021-12-31,177.570007
2957,2022-01-03,182.009995
2958,2022-01-04,179.699997
2959,2022-01-05,174.919998
2960,2022-01-06,172.0
2961,2022-01-07,172.169998
2962,2022-01-10,172.190002
2963,2022-01-11,175.080002
2964,2022-01-12,175.529999
2965,2022-01-13,172.190002
2966,2022-01-14,173.070007
2967,2022-01-18,169.800003
2968,2022-01-19,166.229996
2969,2022-01-20,164.509995
2970,2022-01-21,162.410004
2971,2022-01-24,161.619995
2972,2022-01-25,159.779999
2973,2022-01-26,159.690002
2974,2022-01-27,159.220001
2975,2022-01-28,170.330002
2976,2022-01-31,174.779999
2977,2022-02-01,174.610001
2978,2022-02-02,175.839996
2979,2022-02-03,172.899994
2980,2022-02-04,172.389999
2981,2022-02-07,171.660004
2982,2022-02-08,174.830002
2983,2022-02-09,176.279999
2984,2022-02-10,172.119995
2985,2022-02-11,168.639999
2986,2022-02-14,168.880005
2987,2022-02-15,172.789993
2988,2022-02-16,172.550003
2989,2022-02-17,168.880005
2990,2022-02-18,167.300003
2991,2022-02-22,164.320007
2992,2022-02-23,160.070007
2993,2022-02-24,162.740005
2994,2022-02-25,164.850006
2995,2022-02-28,165.119995
2996,2022-03-01,163.199997
2997,2022-03-02,166.559998
2998,2022-03-03,166.229996
2999,2022-03-04,163.169998
3000,2022-03-07,159.300003
3001,2022-03-08,157.440002
3002,2022-03-09,162.949997
3003,2022-03-10,158.520004
3004,2022-03-11,154.729996
3005,2022-03-14,150.619995
3006,2022-03-15,155.089996
3007,2022-03-16,159.589996
3008,2022-03-17,160.619995
3009,2022-03-18,163.979996
3010,2022-03-21,165.380005
3011,2022-03-22,168.820007
3012,2022-03-23,170.210007
3013,2022-03-24,174.070007
3014,2022-03-25,174.720001
3015,2022-03-28,175.600006
3016,2022-03-29,178.960007
3017,2022-03-30,177.770004
3018,2022-03-31,174.610001
3019,2022-04-01,174.309998
3020,2022-04-04,178.440002
3021,2022-04-05,175.059998
3022,2022-04-06,171.830002
3023,2022-04-07,172.139999
3024,2022-04-08,170.089996
3025,2022-04-11,165.75
3026,2022-04-12,167.660004
3027,2022-04-13,170.399994
3028,2022-04-14,165.289993
3029,2022-04-18,165.070007
3030,2022-04-19,167.399994
3031,2022-04-20,167.229996
3032,2022-04-21,166.419998
3033,2022-04-22,161.789993
3034,2022-04-25,162.880005
3035,2022-04-26,156.800003
3036,2022-04-27,156.570007
3037,2022-04-28,163.639999
3038,2022-04-29,157.649994
3039,2022-05-02,157.960007
3040,2022-05-03,159.479996
3041,2022-05-04,166.020004
3042,2022-05-05,156.770004
3043,2022-05-06,157.279999
3044,2022-05-09,152.059998
3045,2022-05-10,154.509995
3046,2022-05-11,146.5
3047,2022-05-12,142.559998
3048,2022-05-13,147.110001
3049,2022-05-16,145.539993
3050,2022-05-17,149.240005
3051,2022-05-18,140.820007
3052,2022-05-19,137.350006
3053,2022-05-20,137.589996
3054,2022-05-23,143.110001
3055,2022-05-24,140.360001
3056,2022-05-25,140.520004
3057,2022-05-26,143.779999
3058,2022-05-27,149.639999
3059,2022-05-31,148.839996
3060,2022-06-01,148.710007
3061,2022-06-02,151.210007
3062,2022-06-03,145.380005
3063,2022-06-06,146.139999
3064,2022-06-07,148.710007
3065,2022-06-08,147.960007
3066,2022-06-09,142.639999
3067,2022-06-10,137.130005
3068,2022-06-13,131.880005
3069,2022-06-14,132.759995
3070,2022-06-15,135.429993
3071,2022-06-16,130.059998
3072,2022-06-17,131.559998
3073,2022-06-21,135.869995
3074,2022-06-22,135.350006
3075,2022-06-23,138.270004
3076,2022-06-24,141.660004
3077,2022-06-27,141.660004
3078,2022-06-28,137.440002
3079,2022-06-29,139.229996
3080,2022-06-30,136.720001
3081,2022-07-01,138.929993
3082,2022-07-05,141.559998
3083,2022-07-06,142.919998
3084,2022-07-07,146.350006
3085,2022-07-08,147.039993
3086,2022-07-11,144.869995
3087,2022-07-12,145.860001
3088,2022-07-13,145.490005
3089,2022-07-14,148.470001
3090,2022-07-15,150.169998
3091,2022-07-18,147.070007
3092,2022-07-19,151.0
3093,2022-07-20,153.039993
3094,2022-07-21,155.350006
3095,2022-07-22,154.089996
3096,2022-07-25,152.949997
3097,2022-07-26,151.600006
3098,2022-07-27,156.789993
3099,2022-07-28,157.350006
3100,2022-07-29,162.509995
3101,2022-08-01,161.509995
3102,2022-08-02,160.009995
3103,2022-08-03,166.130005
3104,2022-08-04,165.809998
3105,2022-08-05,165.350006
3106,2022-08-08,164.869995
3107,2022-08-09,164.919998
3108,2022-08-10,169.240005
3109,2022-08-11,168.490005
3110,2022-08-12,172.100006
3111,2022-08-15,173.190002
3112,2022-08-16,173.029999
3113,2022-08-17,174.550003
3114,2022-08-18,174.149994
3115,2022-08-19,171.520004
3116,2022-08-22,167.570007
3117,2022-08-23,167.229996
3118,2022-08-24,167.529999
3119,2022-08-25,170.029999
3120,2022-08-26,163.619995
3121,2022-08-29,161.380005
3122,2022-08-30,158.910004
3123,2022-08-31,157.220001
3124,2022-09-01,157.960007
3125,2022-09-02,155.809998
3126,2022-09-06,154.529999
3127,2022-09-07,155.960007
3128,2022-09-08,154.460007
3129,2022-09-09,157.369995
3130,2022-09-12,163.429993
3131,2022-09-13,153.839996
3132,2022-09-14,155.309998
3133,2022-09-15,152.369995
3134,2022-09-16,150.699997
3135,2022-09-19,154.479996
3136,2022-09-20,156.899994
3137,2022-09-21,153.720001
3138,2022-09-22,152.740005
3139,2022-09-23,150.429993
3140,2022-09-26,150.770004
3141,2022-09-27,151.759995
3142,2022-09-28,149.839996
3143,2022-09-29,142.479996
3144,2022-09-30,138.199997
3145,2022-10-03,142.449997
3146,2022-10-04,146.100006
3147,2022-10-05,146.399994
3148,2022-10-06,145.429993
3149,2022-10-07,140.089996
3150,2022-10-10,140.419998
3151,2022-10-11,138.979996
3152,2022-10-12,138.339996
3153,2022-10-13,142.990005
3154,2022-10-14,138.380005
3155,2022-10-17,142.410004
3156,2022-10-18,143.75
3157,2022-10-19,143.860001
3158,2022-10-20,143.389999
3159,2022-10-21,147.270004
3160,2022-10-24,149.449997
3161,2022-10-25,152.339996
3162,2022-10-26,149.350006
3163,2022-10-27,144.800003
3164,2022-10-28,155.740005
3165,2022-10-31,153.339996
3166,2022-11-01,150.649994
3167,2022-11-02,145.029999
3168,2022-11-03,138.880005
3169,2022-11-04,138.380005
3170,2022-11-07,138.919998
3171,2022-11-08,139.5
3172,2022-11-09,134.869995
3173,2022-11-10,146.869995
3174,2022-11-11,149.699997
3175,2022-11-14,148.279999
3176,2022-11-15,150.039993
3177,2022-11-16,148.789993
3178,2022-11-17,150.720001
3179,2022-11-18,151.289993
3180,2022-11-21,148.009995
3181,2022-11-22,150.179993
3182,2022-11-23,151.070007
3183,2022-11-25,148.110001
3184,2022-11-28,144.220001
3185,2022-11-29,141.169998
3186,2022-11-30,148.029999
3187,2022-12-01,148.309998
3188,2022-12-02,147.809998
3189,2022-12-05,146.630005
3190,2022-12-06,142.910004
3191,2022-12-07,140.940002
3192,2022-12-08,142.649994
3193,2022-12-09,142.160004
3194,2022-12-12,144.490005
3195,2022-12-13,145.470001
3196,2022-12-14,143.210007
3197,2022-12-15,136.5
3198,2022-12-16,134.509995
3199,2022-12-19,132.369995
3200,2022-12-20,132.300003
3201,2022-12-21,135.449997
3202,2022-12-22,132.229996
3203,2022-12-23,131.860001
3204,2022-12-27,130.029999
3205,2022-12-28,126.040001
3206,2022-12-29,129.610001
3207,2022-12-30,129.929993
3208,2023-01-03,125.07
3209,2023-01-04,126.360001
3210,2023-01-05,125.019997
3211,2023-01-06,129.619995
3212,2023-01-09,130.149994
3213,2023-01-10,130.729996
3214,2023-01-11,133.490005
3215,2023-01-12,133.410004
3216,2023-01-13,134.759995
3217,2023-01-17,135.940002
3218,2023-01-18,135.210007
3219,2023-01-19,135.270004
3220,2023-01-20,137.869995
3221,2023-01-23,141.110001
3222,2023-01-24,142.529999
3223,2023-01-25,141.860001
3224,2023-01-26,143.960007
3225,2023-01-27,145.929993
3226,2023-01-30,143.0
3227,2023-01-31,144.289993
3228,2023-02-01,145.429993
3229,2023-02-02,150.820007
3230,2023-02-03,154.5
3231,2023-02-06,151.729996
3232,2023-02-07,154.649994
3233,2023-02-08,151.919998
3234,2023-02-09,150.869995
3235,2023-02-10,151.009995
3236,2023-02-13,153.850006
3237,2023-02-14,153.199997
3238,2023-02-15,155.330002
3239,2023-02-16,153.710007
3240,2023-02-17,152.550003
3241,2023-02-21,148.479996
3242,2023-02-22,148.910004
3243,2023-02-23,149.399994
3244,2023-02-24,146.710007
3245,2023-02-27,147.919998
3246,2023-02-28,147.410004
3247,2023-03-01,145.309998
3248,2023-03-02,145.910004
3249,2023-03-03,151.029999
3250,2023-03-06,153.830002
3251,2023-03-07,151.600006
3252,2023-03-08,152.869995
3253,2023-03-09,150.589996
3254,2023-03-10,148.5
3255,2023-03-13,150.470001
3256,2023-03-14,152.589996
3257,2023-03-15,152.990005
3258,2023-03-16,155.850006
3259,2023-03-17,155.0
3260,2023-03-20,157.399994
3261,2023-03-21,159.279999
3262,2023-03-22,157.830002
3263,2023-03-23,158.929993
3264,2023-03-24,160.25
3265,2023-03-27,158.279999
3266,2023-03-28,157.649994
3267,2023-03-29,160.770004
3268,2023-03-30,162.360001
3269,2023-03-31,164.899994
3270,2023-04-03,166.169998
3271,2023-04-04,165.630005
3272,2023-04-05,163.759995
3273,2023-04-06,164.660004
